subscription_id,user_id,plan_name,mrr_amount,status,created_at
bc8960a9-23b8-41e9-b924-56de3eb13b90,46685257-bdd6-40fb-8667-1ad11c80317f,Enterprise,499,active,2025-01-04 18:47:00
9a1de644-815e-46d1-bb8f-aa1837f8a88b,17fc695a-07a0-4a6e-8822-e8f36c031199,Pro,199,cancelled,2025-01-01 16:12:00
01a9e71f-de8a-474b-8f36-d58b47378190,96da1dac-72ff-4d2a-b86e-cbe06b65a6a4,Enterprise,399,active,2025-01-25 10:44:00
18c26797-6142-4a7d-97be-31111a2a73ed,562b0f79-c374-49ee-b50b-ea63371ecd7b,Basic,29,active,2025-01-12 13:38:00
4b0dbb41-8d52-48f1-942c-3fe860e7a113,ec1b8ca1-f91e-4d4c-9ff4-9b7889463e85,Pro,199,active,2025-01-27 18:39:00
4a15544d-c5e7-4e8a-ba57-8a8ea9488d99,0bbb2599-11ce-4dd2-b45e-d1f03139d32c,Basic,49,active,2025-01-03 11:55:00
ab9099a4-35a2-40ae-9af3-05535ec42e08,29a3b2e9-5d65-4441-9588-42dea2bc372f,Pro,99,cancelled,2025-01-09 19:59:00
6123fdf7-7656-4f72-a9d4-beef3eabedcb,baa80dd4-88bd-4407-abcf-be01a28defe3,Pro,199,cancelled,2025-01-09 18:44:00
ce177b4e-0837-48a3-9261-a7ab3aa2e4f9,0e51f30d-c6a7-4e39-84b0-32ccd7c524a5,Enterprise,499,active,2025-01-11 14:17:00
24933b83-7577-40a9-a491-f0b2ea1fca65,e27a984d-6548-41d0-bfcd-9eb1a7cad415,Enterprise,499,active,2025-01-09 10:15:00
382567b8-5cab-4c97-a63f-1c97956269f0,e5d7b875-6dad-46c7-95a7-6d79bf3c4c06,Basic,29,active,2025-01-05 16:31:00
10435a10-98ae-4334-ac12-ace8ae340454,cac5b68c-28f4-4481-a0a0-4dc427209bdf,Pro,199,active,2025-01-13 14:38:00
e2817efd-ae84-4217-9d53-434bb88139b9,ae270da7-02f0-4b90-b143-262fdc5c0eed,Enterprise,499,active,2025-01-18 12:49:00
b83cfe0b-e037-45ed-b8db-0672f42d47cc,00d4af59-7427-4ca3-a87d-06ca6f4cc69a,Basic,29,active,2025-01-09 16:48:00
c333e861-5fb8-416c-a720-797d32ebd689,9be578c7-81f6-41d4-a392-31a7d777a477,Enterprise,399,active,2025-01-06 16:49:00
fc3e058b-e0f3-4ab0-9cec-4eb5edd96831,1ca35cfb-04fc-4d82-bd15-438552fbe43b,Basic,29,active,2025-01-27 12:15:00
c40db9b4-885f-4e66-82b6-d2c5fa5d3100,11b7e948-d0e6-4660-bc69-dee1bb5e4bcf,Pro,149,cancelled,2025-01-05 10:42:00
c1590f53-8a0f-4efb-adcd-465e36386821,f6e07cc0-6c52-449f-9b49-bd26df57c59a,Pro,149,active,2025-02-24 19:12:00
1064005c-3985-43cf-bf76-be1d1efa2197,7394988f-847f-49b4-a64d-1bcb702753a1,Pro,199,active,2025-02-11 08:37:00
e7c99b26-1141-45c6-ba9b-edd40f1259e0,a18ff6b6-b535-406e-922c-9a5601d74256,Enterprise,499,cancelled,2025-02-02 13:04:00
93829b43-922f-415a-a1e3-db63ef7ddc76,b92da22b-21df-406f-8a0b-3c3336d8393a,Basic,49,cancelled,2025-02-16 11:50:00
778eedb3-693d-4fbc-ac6f-a6115ab33edf,6e595ed3-a8b3-47fa-98d0-752b1825bc54,Enterprise,499,active,2025-02-28 19:03:00
3fa7f104-1bf9-4e27-9c96-925eccf3a171,56dc8907-ba6c-44ab-a712-303a0f844fef,Basic,49,active,2025-02-07 11:34:00
ceda8bbb-7171-4434-934c-6c92ec5b227c,dfde4fbf-3ff3-40bf-b66e-cb15474ebc19,Basic,49,active,2025-02-28 16:06:00
7b3a4e3e-7c52-4a17-a80a-c07a2a935d62,3c835dc0-d944-4fa5-80e9-ab30ed2662e9,Enterprise,399,active,2025-02-07 14:57:00
490617f2-747b-4dba-88fe-3ccdc8b8d9c6,ed3049cf-43e4-48fc-a3f2-ae24fc3d3348,Enterprise,499,cancelled,2025-02-14 19:46:00
8acd4e10-bc59-4585-9445-28c00ef8c2d6,f7fd5646-37bb-4eec-8bf5-0b52309d258c,Basic,49,active,2025-02-02 19:20:00
14822f53-8201-4c62-b5f5-9b220e8fa8e0,284d82e5-87f7-41fb-9a4b-d9caeb5cf467,Pro,199,active,2025-02-28 10:04:00
98326856-9434-4a03-bf07-f81491d63f78,e3e9de99-f10c-418b-9eb0-e38a675dd5af,Basic,49,active,2025-02-02 17:05:00
21813d25-6552-48a6-83ff-50113d1a85dd,506e5a9a-b758-488d-ab73-295b344a54b8,Basic,49,cancelled,2025-02-22 18:19:00
89a2688b-12c1-46e0-9998-5f15ff002d4d,902059e4-ff9a-45c2-9f04-4aed75523327,Basic,49,active,2025-02-07 16:16:00
8b10550c-d570-4f32-b02c-dd20286218b8,48f4ef12-5e99-43d2-be89-6c64e117dac3,Enterprise,399,cancelled,2025-02-23 12:39:00
43b409ef-2260-470f-a0cc-edc5f05db76e,1a84a51a-a9d3-47c7-ae87-905e4ca415ea,Pro,149,cancelled,2025-02-04 09:47:00
da587e8a-a25d-4b29-afff-cfd2341ef40b,57c700aa-b7b5-4ea7-b5eb-d32d9ad620ab,Basic,49,active,2025-02-09 16:31:00
698c206f-e1a4-4e10-ad53-4dd0cf8ebc5a,ccc56569-f9e8-4369-a999-b735dd56cc94,Enterprise,499,cancelled,2025-03-01 10:47:00
09e9db0a-df46-4290-a1ee-411a1bac27a7,b386f7a4-c991-403f-a8c1-3091444d610b,Basic,49,cancelled,2025-03-28 15:14:00
a8f7ef5a-060e-4f5b-b911-84973a43b2ba,df0f06cb-cb9b-4326-920e-ac174e20fd1a,Basic,29,active,2025-03-07 14:21:00
89456f27-d7fa-4d8d-bb2c-a025adf4e62d,6651529e-8268-490b-a438-25b559e4b671,Basic,29,active,2025-03-11 08:07:00
6f3f920c-98b8-44cc-9bc0-44fc09cb3942,43f59a85-fbc9-487a-b668-a61794a1875d,Basic,29,cancelled,2025-03-12 19:50:00
006ed6e3-6fa1-4735-b572-f3d00b5cea6a,41357e8c-30a9-40ad-939b-462de645f129,Pro,149,active,2025-03-17 16:43:00
9f871ce7-5487-4d4f-abb7-a385aa0b7b14,f2e9702d-11e9-4daa-ae69-81a35d3d9e56,Basic,29,active,2025-03-11 18:54:00
8dedf9fb-4bb0-4f20-b27c-40266703b636,5380b904-688c-4015-aab9-7e494f2d4796,Pro,149,active,2025-03-05 11:26:00
4dcabfb7-001a-4a8b-956f-03508c459ce2,67f48ad5-4d0b-4d1a-91b0-e1d99d9262af,Pro,199,active,2025-03-10 11:27:00
cb323e35-7922-4ac2-82dc-4c8e36b5229a,acf5e81e-7131-4269-b118-e36477097749,Pro,199,cancelled,2025-03-26 19:10:00
c04a96c4-f3b6-4fe1-9184-332417e8392a,55cee5db-9e87-404c-a208-6977a9f25336,Pro,199,cancelled,2025-03-08 18:19:00
c4bbb7a9-d988-48dd-9c7c-737779a28903,fbe33b24-3eae-4032-8bd4-a9900640be0f,Pro,199,active,2025-03-03 15:26:00
a7f36ae9-25c7-4c44-be75-c3b4664fa663,7e8f8095-624c-49b6-b244-45a7b7e58481,Enterprise,499,active,2025-03-23 08:57:00
0cdb1ca4-76ec-4dd6-8498-e113b227462c,f53d4330-cdda-44ba-ad06-e8cf3805f907,Enterprise,499,active,2025-03-18 11:58:00
513a7052-986f-4025-8f15-ba58fce68504,87f8424d-aae6-4fc1-b6f2-dbfecd29a36f,Pro,199,cancelled,2025-03-25 15:39:00
e5d6f6e6-9a6e-42f5-8cc4-29038bcf53a1,bc10fa52-bf5d-4fdf-89c8-d2ab6b44fa8d,Basic,49,active,2025-04-08 15:14:00
2a405f12-b963-437f-a781-4c1fcc530e36,addc3e13-ab3b-4d37-960c-95ee638c254c,Basic,29,active,2025-04-27 15:58:00
22bd3388-6db9-4102-a48b-3dbe157d94a1,06f028ff-a9ba-4a27-907b-fe36978648f8,Pro,149,cancelled,2025-04-28 15:11:00
473bd358-610e-4a64-a130-1617c2dff335,56666f9f-53ac-4ab9-b467-2cd9362f5e5c,Pro,149,active,2025-04-25 14:16:00
a66fd7f7-3966-4fa7-9997-0043f3b1025b,fff9f585-0d55-4b61-8a17-5dfebfc00dc8,Basic,29,active,2025-04-03 18:02:00
ab61a7b1-793b-4c32-a050-04943d114802,2702878b-9f0f-4a8d-8537-9ff6d6d7b3b8,Basic,49,active,2025-04-04 17:13:00
c71d5e60-1d52-46ab-b7e6-427cbf780e3f,f6b751f7-9b74-4245-9b1b-c8952af43ab7,Basic,29,cancelled,2025-04-27 10:19:00
b70b3420-f104-4785-a58b-252360141de9,f54ad0a2-e874-46d7-ad66-a1bd93676a02,Pro,199,active,2025-04-07 09:37:00
ce3714af-99b4-4350-af2b-99b4d9acd158,4d3485c5-c5c1-4eb4-b27b-3d901a16342c,Basic,49,cancelled,2025-04-04 17:50:00
d284476c-6b88-483d-997d-c9cd033d2bce,575aed2c-a5c5-450c-8186-a57611a72609,Enterprise,499,active,2025-04-16 09:27:00
9dac6e83-4524-4ea6-a684-6099f7294951,859131d2-bbda-4242-ad17-4fc96f7c15ea,Basic,49,active,2025-04-26 16:49:00
4767d76c-162f-4a24-af43-613cd4aac9a3,3ed8c56c-da09-4fa0-9282-8d8044b591f7,Basic,49,active,2025-04-15 11:48:00
5ad5cf06-364d-4c87-bcd0-129d2e8d0e87,533420e6-d9d8-4b8d-be8a-dee70758e201,Pro,99,active,2025-04-26 12:21:00
680bac63-b856-4035-bdc9-829015eabb27,30e912f2-f2b4-4abf-8441-aefd0299436a,Pro,199,cancelled,2025-04-16 16:48:00
b118f68d-6786-4506-b8ba-8abc4b5305e5,17d2582e-046a-4df5-8afd-a61372bb912d,Enterprise,399,active,2025-04-08 12:42:00
5a104129-54ae-4d1b-8ce6-424dbef59fe6,ff233d5f-6ced-415d-9800-7c0287ea7ff5,Pro,99,active,2025-04-23 15:17:00
c31edbbc-f36c-462b-892e-6161be2d740a,1e9b23bc-50c7-4006-b14d-3441b8a6171f,Basic,49,cancelled,2025-04-23 10:12:00
fb02bebb-4872-4a4d-98c7-472a864e9a13,c29cfc0c-fa02-4aec-96ef-2ad6b97e6703,Basic,49,active,2025-04-04 11:18:00
0df56ac6-f96b-448a-8ba6-eab94639447b,2067bdac-88bd-43d1-b540-b30e039f3a25,Enterprise,499,cancelled,2025-04-18 12:44:00
5738811d-70c2-403f-ba8d-03aa782a65e0,48ca7651-92f5-4f7b-8323-d342df6a8f93,Enterprise,499,active,2025-04-06 08:16:00
afbb411a-a123-4a8c-93b7-a88612f70c97,7de31a51-6694-4343-90ba-58e3d2762bdc,Pro,149,active,2025-04-02 10:09:00
5283aac7-bc0a-4a5d-ae99-6e3ee3b137fc,0a3450fc-9918-4e46-9497-d6587010f719,Basic,29,cancelled,2025-05-20 12:01:00
a6c9537f-84da-406a-b872-bdeb2cd94cbb,c19ad58c-c35b-4c8c-8a4c-9f7f9384ec2b,Enterprise,499,cancelled,2025-05-15 12:11:00
ab8ddeb4-5230-4fbd-9553-b2fe6889803e,5913f9d3-7852-49f4-975b-a98df8140102,Basic,49,active,2025-05-04 10:21:00
746f7891-0964-4bbf-8cd3-21b0c2b01cfd,d045dd1c-6684-49e3-b1f8-343ea99f1318,Basic,49,active,2025-05-03 13:16:00
69ca97d2-7644-44fd-8ae7-69edde8ede0b,a85c6e4a-004b-4fab-bcf5-6188d32e6dcd,Basic,49,active,2025-05-02 11:33:00
49bc473f-ed7b-4656-a18a-15368c99a894,445dcc38-341c-4494-8d36-6dfcc28ebd70,Basic,49,cancelled,2025-05-15 19:31:00
fe049059-3985-4b62-97dc-8eff687213f9,8d605936-0380-4b70-8d03-c91e4f8d5238,Enterprise,499,cancelled,2025-05-27 09:29:00
d5b077e0-6a5d-432b-85ff-2c83b495db4e,82456fb4-4ab7-406e-b773-50caeec259dc,Basic,49,cancelled,2025-05-16 15:15:00
dd30de89-22f2-45f2-a11b-868dbf0d073d,821c1336-9970-4f60-abff-8d1530cbd755,Basic,49,active,2025-05-03 12:49:00
b9de7a3a-4868-42b9-80a8-1de9d20f87d0,44656d6b-81fb-48b3-89a7-d91fef2ae713,Enterprise,499,active,2025-05-10 17:37:00
8b1e3b9d-c34b-4fbb-8d4a-75b8551ac8ea,585a0afa-7bfd-4c12-89e0-6ab37250ee18,Basic,29,active,2025-05-13 15:59:00
517400f8-0b2c-482a-a928-8e92c68a152f,db23aa8c-3bca-4f85-a20a-60ac9261549d,Pro,199,active,2025-05-24 15:45:00
7ecddbaf-26f0-4fcf-bb16-e5dba6eab79e,d21c82f8-cada-4f80-a9e7-82d4fd08b32c,Enterprise,499,active,2025-05-02 10:32:00
03edd1f8-74f9-4d17-a912-b4bf86a4bae4,1986b4b2-70b7-4868-9854-80f0dfcaf0b7,Pro,149,active,2025-05-24 10:26:00
65c17795-b155-46bc-9f8d-ed9756abf2f1,43d88870-f81d-4aa1-8812-0a8e78308930,Basic,49,active,2025-05-21 09:54:00
0930aef6-8a80-468d-9f54-7e507cea2045,c268283e-e32f-4e63-b7fd-dd71a075e927,Pro,149,active,2025-05-20 09:15:00
b4323070-a23d-4c2f-82a7-96891933918c,fa745761-6f18-4108-9723-199dbf2c14a0,Basic,49,active,2025-05-28 09:28:00
6e417d47-5ff5-45ea-9bc4-40f14b1a269b,0e5dd462-cbd0-4ef2-930a-37df0bc61066,Basic,29,active,2025-05-05 11:33:00
3da70577-aee1-486b-9ea5-56aa61ee6c5b,deef580f-9c07-4751-9437-45092cd1586a,Basic,49,active,2025-05-16 17:09:00
ac1e86d8-bfbf-497b-ac3e-7b0d5e5ba13d,746cdb77-1fa3-42e8-895c-cd9943b38eb4,Pro,149,cancelled,2025-06-09 17:24:00
8fb864e4-f173-4856-a25d-36eb9e9a9f83,066803ee-78b2-4549-bbdb-c09eacc216a0,Pro,199,active,2025-06-11 17:14:00
0b9bd934-23c8-4d30-9dde-7969688613db,a6348e78-4d5c-45c7-b379-cb1ee8cda0cc,Basic,29,cancelled,2025-06-02 12:31:00
b24cc64f-be3e-4e57-b30a-9e32aba4fc03,5efa9c5b-7421-4f46-a37e-4b0122bae10e,Pro,149,cancelled,2025-06-18 14:37:00
f396ea37-f065-4817-a87a-48509d9b6231,7d45d8ef-d56c-48ea-9959-7b5aa7a8f636,Basic,49,cancelled,2025-06-09 08:44:00
5e09a9ee-af88-4dec-bb1e-143b196f4dfa,5cd8fe1a-dafe-48a9-bc71-e0bef3579560,Basic,49,active,2025-06-18 18:22:00
a9ab364a-1777-48cb-b468-5b98d2fe2fde,d918b3e5-f2f2-4eef-9f45-dbfdf7dc67e0,Pro,99,active,2025-06-07 18:40:00
34885a46-9088-4eaf-8977-6598203c8c25,fd235def-3e5a-47e3-9560-db22c96b5edb,Pro,99,active,2025-06-03 16:13:00
dbc080fd-46fb-4bf3-80b9-d4a3989240ac,e68933a9-c9e4-4e8c-a5c6-1c45c63d04ee,Basic,29,cancelled,2025-06-05 10:34:00
c9d6a63b-ca3c-4f5f-9bb5-c40c03cde2e3,21bddb41-0699-4731-9dcf-8766a93b12cd,Basic,29,cancelled,2025-06-08 17:20:00
79eb4168-1045-46e5-bee3-eb791d181ee9,86ad8a8c-6bc4-423e-bde1-3c1b20733f6d,Enterprise,499,active,2025-06-15 13:32:00
ddf275eb-e8a3-4341-8881-9065ba2c98ce,0b19f88e-9d77-445e-b206-c26938b77c07,Basic,29,cancelled,2025-06-22 16:19:00
7d824264-1ba3-42e7-afa4-15e56d204496,66d06371-d8e8-4ebb-ba9e-8eefffa361be,Enterprise,499,active,2025-06-23 15:04:00
8c611654-95da-45c1-a211-50f99fd34579,466772ce-204e-478c-90d0-8d1125f934bf,Enterprise,499,active,2025-06-23 13:24:00
da509fed-1d4a-4d81-b3a7-d0e0cb08587d,1963c26d-6e21-4b09-9afd-4015816bcb9f,Pro,199,active,2025-06-21 18:56:00
74188109-d3d1-4f0f-96c4-38e469efafb1,3a7e8e14-e359-4ee1-b399-1a476e191042,Basic,49,cancelled,2025-06-13 14:46:00
79699ed2-ec48-4f55-afd3-80c42713582c,f41ea3ac-5fd2-4109-8140-752caa448259,Basic,49,active,2025-06-03 09:53:00
dedab027-6550-474a-9422-373f862268d1,6683e107-96c0-44d0-af88-7f283e49fd09,Basic,29,active,2025-07-10 19:21:00
c6b6e4ad-e7ea-4d5a-b1a3-ac4d828c37e7,87d5b7be-1d30-4990-a21b-030782af085c,Enterprise,499,cancelled,2025-07-12 13:46:00
c29d782b-2722-496e-9a36-d1ec2c6a6e9a,328067a1-4187-422b-a57d-5e521a5165ca,Basic,29,cancelled,2025-07-25 18:04:00
e1cde87f-ec95-4f87-ae5e-c36572eb7474,9458054e-c287-4f06-9050-f7efc1235c91,Enterprise,499,active,2025-07-19 18:40:00
cbdc4318-4d85-43d2-a1a2-748571348c2a,780b3657-117b-455b-b094-4bdb26a524e3,Pro,99,active,2025-07-09 17:03:00
13a4a492-497d-416d-94ea-120a5e659654,0e9058b6-09a0-40f6-b3b0-a0917634c169,Pro,99,active,2025-07-21 09:39:00
7321bf6b-0a80-46ec-a558-2e16bd29ede9,cab4923b-f448-4385-8de7-ad6c949077c2,Basic,49,active,2025-07-26 17:41:00
d65e59dd-e62d-4d06-8f9b-85581a7f195b,73557b9d-0fd6-447e-b52d-4af2269ed4c9,Pro,149,active,2025-07-11 19:05:00
9c1c3517-85d2-40a6-8629-5b5d707df251,fdb1429e-7010-4d13-b526-b22d3f6c21f7,Enterprise,499,cancelled,2025-07-06 13:23:00
a5b5cdc2-a181-485e-8a0a-c6ac0d67d38e,990f0c5b-adcc-4daf-969f-3ab3c6435300,Basic,49,cancelled,2025-07-11 09:21:00
df8f4197-9a4a-49b2-a806-133cf6e39356,a8149562-da00-4f16-b946-9bcf4082cbb9,Pro,99,active,2025-07-05 13:05:00
98549f22-2102-49c9-a457-5bc4a981b098,b2cf952d-a7f3-43b3-b7ba-f55e4f6b58c8,Pro,199,active,2025-07-23 09:19:00
ff4625af-bd20-463b-b275-b5f3d436a7a8,b3ecb951-ab8c-4f97-a0b7-1785d02ce0c1,Basic,49,active,2025-07-22 16:05:00
577bc55a-36d5-4494-b37f-d50d2e25b5ee,4f11d8dc-5cd3-4369-84aa-c1b75ca0c428,Basic,29,cancelled,2025-07-25 15:12:00
8a2e6a93-c558-4bb2-81f7-f3fb19e45c6a,c9c23e69-d82c-4565-8bb9-07ec13c11754,Basic,29,active,2025-07-27 19:56:00
b15e54f6-d4d3-4795-ae4b-ebc429890880,277d1be9-6070-46a1-98e5-2499218c6e1c,Enterprise,499,active,2025-07-25 17:51:00
9c4ffb46-71b7-41aa-b836-f5713ccec76c,b836c448-ad26-4ec5-9d42-b9e9692e07b6,Basic,29,active,2025-07-10 19:50:00
5e2ad32d-31ab-4b56-95c9-fdc7e76adca9,78116802-c8cc-4cfe-8f01-f944f7315749,Basic,29,active,2025-07-22 17:28:00
6f5842c3-ff86-4c31-9d66-e8155a4153b3,e95f176c-deba-4186-ba10-82170ad7c9a2,Enterprise,399,active,2025-08-09 18:50:00
07f8d4f0-f3ea-4184-a8f4-e3ceadedda80,bff9507d-cd14-403e-8359-9af65d01f55f,Pro,99,cancelled,2025-08-05 17:43:00
f31046dc-6202-4ee6-9cb5-e69c5dc7b3e6,a52964ff-c74c-4890-bc6a-3174113634a5,Basic,49,active,2025-08-19 08:38:00
5df06e8c-878a-4ed9-a33f-fc8292ec89af,13aec376-c359-410a-b1a6-014c5f3c44dc,Pro,99,active,2025-08-13 13:41:00
1e2595b8-8fc9-486b-a9dd-ebf563119aca,848af440-7fc1-4858-afa0-d842bc55300b,Pro,99,active,2025-08-09 12:45:00
e60fd420-2c33-450c-b3b9-11d812f5131a,da52d2ee-22bf-48f5-9f65-2a87333ee344,Basic,29,active,2025-08-23 15:05:00
d9f2dd0d-4cc9-45f2-a42e-50374a552ea0,8acbbe09-8ccc-4cea-909f-d8eeb5a47200,Enterprise,499,active,2025-08-06 19:45:00
3c9abe10-238d-4f44-8ac4-d0eb3373730e,fc31a597-1f11-4c0f-b967-e60a823dd107,Basic,49,cancelled,2025-08-26 15:01:00
10d4de39-1612-47c9-a25d-f9a89ca8a5c4,2138afe0-8d38-4bd8-bba6-abf7cdbcc653,Pro,149,active,2025-08-10 14:45:00
5128b9b1-f8ed-40ca-a015-6a7212e153a6,932cae01-d2c6-4ee4-a8d0-a2a8c4e7f7dd,Basic,49,active,2025-08-21 09:28:00
c48d5650-2e95-42d6-9679-2482a3c988e4,8d2238e6-c7bf-4fbc-943c-dd6de0c1ff1e,Enterprise,499,cancelled,2025-08-05 14:32:00
b596ca7c-ef4a-4a88-9299-e5052976aab2,2a26f770-4ddb-4b36-a72c-058884a2576c,Pro,99,active,2025-08-08 13:33:00
4d85e9c7-a001-4720-a00b-290346426c45,8d03f17a-f4d3-45c1-a293-19fa3240d7a1,Basic,29,cancelled,2025-08-20 16:05:00
e6e987ca-b87b-4384-9fdd-de2ea8a2b7ad,2bd3cdcd-2779-4685-94a5-3fdef10d27c8,Enterprise,399,active,2025-08-20 13:53:00
a6b07458-43c0-4d43-93a7-4792c561b8dc,a4364fcd-f2d3-4761-8ba3-627914cb0564,Enterprise,399,active,2025-08-07 17:26:00
7ba24588-4d56-4a3d-b4e7-069aa4540937,4a27ebf2-8baa-4744-a08d-d21be3954cb1,Pro,149,cancelled,2025-08-08 18:25:00
9b4e164b-5716-4c2e-b43a-da2a76e5ae78,7bf7e1d3-6a66-4fce-b089-fc6d2877f5d9,Pro,199,active,2025-08-05 13:55:00
1b2ededb-8fc8-4fc0-83d5-bceb5edbb8ee,c2baf0e0-2179-43f0-a612-4ab4f9b21e6e,Pro,99,cancelled,2025-08-11 11:29:00
9d896047-dd39-4793-a257-a4a2f204be89,4a4b5563-0cf4-47ef-98c8-a61624108e9a,Enterprise,499,cancelled,2025-08-14 11:55:00
83c501cb-fef7-49ea-bf8e-548328caaa1d,c35bec2c-3098-47b2-900e-15c0b89bdf7f,Basic,29,active,2025-08-15 15:56:00
95560a2d-3713-4466-bda0-6476f778c676,750d112e-8164-4eec-a4ab-851bf1fac6e7,Basic,49,active,2025-08-12 08:03:00
43b47ee5-e1e8-4e7e-a249-8f666e51484d,1b84edc3-d8e0-49de-8217-ea0e896490ab,Basic,29,active,2025-08-24 13:48:00
c4cb294f-e86e-4e63-8f25-477da55990e7,4910fade-5238-4bf2-8988-e418f6c31218,Basic,29,active,2025-09-03 18:36:00
ff46a6bf-094d-416d-ab6d-2fedef158d5b,2d007d05-d66d-4627-a1da-ce6a6afa828c,Basic,49,active,2025-09-27 14:50:00
55c551fc-fba5-4cc8-adaf-37661b780ede,9a4ffc0c-9165-42ed-8c63-6e95025f5543,Basic,49,active,2025-09-10 15:41:00
54a7b69b-1cd6-4b09-8f0e-6d2b315c167a,45d8a6ad-77d0-459e-8114-14f8d9df0d0e,Pro,199,active,2025-09-06 19:29:00
c1dd484a-aca5-4d95-915a-1c304b86b5a1,ca6fbff8-564c-4bd2-bc92-fd81039b058c,Enterprise,499,active,2025-09-07 10:39:00
fb4fb88a-2f4d-4219-986b-2880ab545a15,669d01ff-1634-425b-93f3-007383e96ef4,Enterprise,399,active,2025-09-05 15:20:00
4d4c5280-5462-42e7-b43b-a0524459bd6e,c0f63229-725d-4259-bc4b-1eec6231ee73,Basic,49,cancelled,2025-09-19 19:36:00
afa28559-67c9-4204-a8e3-33b64e8adc4b,77242041-1e43-4bd2-aaf4-07f70fe76149,Basic,29,cancelled,2025-09-17 19:49:00
27372b52-7a6a-4107-a231-9050f5159494,3818cfd3-3889-436a-9d58-17e85e175b66,Pro,99,active,2025-09-15 19:38:00
c1369c65-ae2a-4341-bf59-e4f2c3093b6e,37e9d2e2-d35a-407a-aa02-17d0cd4f8b2b,Pro,199,active,2025-09-20 09:33:00
8167999f-e723-4da3-8c32-bdb2d42a895e,0fcf601f-1cb9-473a-906d-5c8cead08c89,Basic,49,active,2025-09-07 17:34:00
1747f387-7d23-4479-9549-2a82b787ef8d,3495311e-ae27-4432-9dc1-e7eb711c7673,Basic,29,active,2025-09-17 15:51:00
ce920136-ac3a-412f-b65e-6cb58f0d5540,0ec7d662-905c-4bdd-b4f0-beae6a5943ce,Basic,49,active,2025-09-10 19:01:00
8a89b0f0-1052-41d3-b34c-6c7358330b30,6c776e95-0b98-4ccd-92b2-102d940c3503,Basic,49,active,2025-09-02 09:59:00
a55871e3-bab2-477d-ba74-0cc8a43afb7a,c40d4874-22ab-4752-84db-5a622e13418d,Basic,29,active,2025-09-14 13:57:00
a74e02a9-220b-4ea9-8a0f-9508dfe2c0a0,a96b3c42-f6d2-4a7b-aec7-6a82148b4376,Basic,49,cancelled,2025-09-28 13:07:00
05d1fb63-c194-497f-80e3-a026d5b6de85,390239d9-fa8d-4e42-ba54-e9202099d180,Basic,29,active,2025-09-10 15:43:00
4690fb15-27b6-48dc-989d-ecb075eb89c2,3f5cf2f3-3acb-43a3-92c7-bffb6118433b,Basic,29,cancelled,2025-09-07 19:48:00
1139fa12-34c1-43ea-bd9c-4e6404015ced,e39836bb-e23d-4faa-afad-49e9c41c147e,Basic,29,active,2025-09-04 17:02:00
c11f6bf5-379e-4467-8a2d-b2e63bfda8a6,705fddf5-66fa-4ca0-8b53-1932bd9419aa,Pro,149,active,2025-09-28 08:08:00
c5c51060-9911-41e7-93d5-63ae51a3ac26,937bf79b-bb44-4adc-aa98-fef8d0d75e37,Basic,29,cancelled,2025-09-22 13:15:00
97777f10-f2d2-493f-8e85-140d0f9aeb70,46707cd6-4ced-4164-a9df-14e9389641dd,Pro,199,active,2025-09-24 10:40:00
c92a7d7c-6193-4990-abdd-1a8fa4b05c89,f10bce9c-582b-41ee-b8e8-035b0c00988a,Basic,29,cancelled,2025-09-17 13:44:00
39b02e2a-d96e-484f-bdb0-174e7938878a,89b5aab0-c121-49db-af12-b150605fb1eb,Pro,99,active,2025-09-10 19:09:00
3e2bf9c9-636f-4e5c-a253-e70687ad8b26,8eaa5841-6aa0-426d-b7c0-d5f769a53b4f,Pro,149,cancelled,2025-09-09 11:21:00
608e149e-44b9-4602-8d31-812e30c36756,d453f867-b97e-4224-891f-691217abb863,Basic,29,active,2025-09-22 17:38:00
95fbe976-ae00-4b7e-af8c-83e56e8d9644,601bfbcb-f0ee-4cce-8d93-e14a5b167158,Pro,149,active,2025-10-22 14:05:00
c8ad0899-b630-494d-a147-adeb277b0667,4499d0a6-1500-4170-92d1-5585b68e47fa,Basic,49,active,2025-10-21 10:47:00
450f69ee-c2e7-4a98-9c23-8d8d71da35b9,4eea9db8-f165-4779-8154-7950176de21f,Pro,199,active,2025-10-04 10:05:00
8de1596c-5a9a-406a-96f1-42a206b919aa,1a7167c7-6875-4545-832f-52c48e0370cf,Pro,149,active,2025-10-03 17:38:00
8f3dc97f-e6b0-4a0a-b98f-5dbe15aede0f,c777a07f-6346-44ef-a9ef-74e34ab6821c,Basic,49,cancelled,2025-10-08 17:33:00
2ace1aa9-1032-46b3-a55b-fc1c7e3d5ee4,44b64ec1-4d16-4049-84d7-df9a238b05b7,Pro,199,active,2025-10-14 12:26:00
9dde0188-9803-422e-beec-e88da002352a,b88cddde-3f20-46c2-b1b8-8d65406f64d6,Pro,199,active,2025-10-07 15:06:00
70b27304-545c-488d-9cb9-075ecdd7f460,614077d3-9ec4-4a48-9773-f98d550c2fe9,Pro,199,cancelled,2025-10-11 14:52:00
7aa061e9-336b-40cb-b1fe-ad13f280df1d,9a6c0db9-5217-4c88-8ce9-53a722d90db3,Enterprise,499,active,2025-10-11 10:25:00
d105c8d6-47c1-4017-a045-2909536d47d7,3e0f84ce-c82f-48fd-936c-d31cf7bf5244,Basic,49,active,2025-10-26 14:23:00
f3f81c31-06e3-4949-8cd3-4c62c4829b71,ae84b81c-2e0f-45b3-8bae-591eff4cc10f,Basic,49,active,2025-10-24 15:45:00
23a13e20-7fd2-45ee-ac48-436668bd80d7,cb881c32-cbb0-4a8b-9908-a121d1a7ba20,Basic,29,cancelled,2025-10-21 12:15:00
950df1a0-7aaf-4001-9912-316afd9e8e20,72f60958-12ef-4101-a082-786fca00ef58,Enterprise,499,active,2025-10-13 16:32:00
8972abbd-cff2-41c4-a53f-9644b39e4df2,5c0a1feb-f7ea-466e-8a6c-af9b09697101,Basic,29,active,2025-10-20 18:58:00
ad6ecc57-a520-43d0-bbcd-bf5e902f3465,0b570720-9cd8-458b-a5a1-c8252a9528c3,Basic,49,active,2025-10-21 14:48:00
8ed8a80d-84cf-4e39-bf31-c29f82bbad84,38d5101f-423c-4d9d-993e-478302b34254,Basic,49,active,2025-10-19 19:36:00
584fc85b-2697-484d-801e-8690b0c07fcc,96add4df-adf7-4924-85b8-386b768b4f7e,Basic,29,cancelled,2025-10-01 15:06:00
7490adeb-57d3-47d3-8fd8-0bbb592c1107,2444d301-baeb-486b-b0d0-270fd4d13d55,Pro,149,active,2025-10-26 11:33:00
0b705933-4cde-4b6b-9132-567c51a40d2a,73d39457-b25f-43df-b8d4-9848702ba49f,Basic,49,cancelled,2025-10-26 19:07:00
84182d35-3e71-4433-bd90-b81afbe0e6b8,ee0f65a8-2a13-4c1f-8cd0-15c1ad5900dd,Basic,49,active,2025-10-06 16:10:00
a84554c3-a3f6-4c61-afb7-0dab2f383b43,a137f8e4-67b1-4040-8c39-b9253b5ae288,Pro,99,cancelled,2025-10-14 14:01:00
47419b48-34ae-4abd-b6fc-e0acb4698db3,0123a348-638a-4df6-adf7-2cd3979aa051,Pro,149,cancelled,2025-10-25 19:51:00
1a38aad6-ce53-4ffd-bb13-4f0216de66c9,6210def6-3a9c-4308-9221-cddf7a4a902f,Pro,99,active,2025-11-04 13:23:00
ad58db1b-fe31-437a-a43e-558c2215df00,dfdf0e05-c0ce-431b-9038-e153c601818b,Pro,199,active,2025-11-05 09:33:00
eb7e2e64-26c0-447e-bf8e-8bfaa0c9da72,368acd40-b8f1-4e3c-99e7-703a70aa5b0d,Basic,29,cancelled,2025-11-14 17:43:00
624fea4b-bae1-4137-96ee-50e51f873b46,c0a0473a-23d7-46a1-99b8-14fce5871d89,Pro,99,active,2025-11-12 14:20:00
9b8b38ae-b89f-4a92-999a-1d8699db1302,8dab66d3-3f87-4fc2-9591-52f2a505da9c,Pro,199,active,2025-11-10 19:01:00
4ba8a4ca-6449-4b6f-bf72-ae52304b2370,82701238-9b5f-4f39-848b-34f034981735,Basic,29,active,2025-11-21 08:50:00
873dc8bd-122d-47be-980b-c81ea3595d1f,7fe4a42e-3db7-48a6-9cdc-c4c262c965b2,Pro,149,cancelled,2025-11-01 13:59:00
f45707c6-7894-4a15-8342-01db2c3aacdc,aed54a46-8bde-405b-9d8b-abd76bbdb66f,Pro,99,cancelled,2025-11-25 09:01:00
81b13b80-65e1-40f5-8a0e-e8c4f2dcb12b,0f7ae302-ec2e-4815-8a32-17d2373aedf8,Basic,49,active,2025-11-10 18:45:00
271610c1-9db5-4283-89a3-c811895c4fde,a3fa4069-1519-4d38-a6fb-a71db3a9dcaa,Basic,29,active,2025-11-09 09:19:00
a65be22b-d5a3-46d9-8362-a810a2611b8d,9620bee6-6406-4ace-93a5-e8508950ddd6,Basic,49,active,2025-11-22 18:04:00
9cbf7b8c-7410-4d5d-9db1-4bfc6f3a5115,ecb4678c-1612-4aa6-be96-39ba0ed2ec9d,Enterprise,399,active,2025-11-20 08:19:00
7f14eafa-29f0-4f7c-82e7-df89b3957a98,23204ff5-b538-496c-833e-02f71e93d127,Pro,199,active,2025-11-12 16:33:00
bba1aed9-44cd-4fdd-9f9b-141ec7f7bda1,bff15840-207e-463f-9f32-d5d82abe1585,Enterprise,399,active,2025-11-04 08:21:00
7f0386fa-13ba-4c91-a0a5-fde6939f71a2,f99cea5c-b65a-40f1-8350-ab061059ea28,Pro,149,active,2025-11-15 16:23:00
b90800f3-ac93-481a-92eb-eab0e4eec67c,1a57f9e4-c5f8-42f8-814f-499428457780,Basic,29,cancelled,2025-11-04 11:47:00
2dd0622e-266b-42ea-ab93-f78c620af158,5d2d904f-78c5-4073-8bc5-72073e9aec86,Basic,49,active,2025-11-28 08:35:00
45712959-51e7-44e4-b864-ca08ea75752d,6a8fcacb-3f8e-4d0d-9261-9dec3979d5f5,Basic,29,active,2025-11-27 09:36:00
11a529b4-66a3-42d6-b43e-8c480bc1f9e5,fb3df063-8409-45ea-8de9-18b33922a7e4,Enterprise,399,active,2025-11-15 12:49:00
c8d57717-9055-436f-8aa5-f9d3335f2f59,5e717fca-020a-4497-b4ed-51458d9765c7,Basic,49,active,2025-11-10 19:39:00
e68373a3-bb82-4796-b207-343ec6a07656,c5c9fb91-ff6e-49ed-be4c-e29ff8cbab4c,Basic,29,active,2025-11-18 11:09:00
0274ce40-e090-46b6-b186-a5a8d6ee526b,a2cd1590-58af-493c-8aa2-b4c93ba5bd76,Pro,199,active,2025-11-11 08:48:00
f610396b-7df5-4abf-ab79-0d013cf88d20,fbad793f-87a1-4c02-b487-9e411a9c672a,Basic,29,active,2025-11-02 10:45:00
a2dd22d5-2afa-4b7b-91cb-f9e5fb7d3ba1,58c88c48-3ced-4d1f-93eb-22c9beced21a,Enterprise,499,cancelled,2025-12-03 19:42:00
41b455b8-59b9-422c-915a-ffacb173fcdf,3fe1e8f3-35ad-4e88-83e4-f66802ead2df,Basic,49,active,2025-12-26 09:46:00
e1bbb8cd-7e3a-4f07-a9fd-28e6e271fff9,2a9527f6-f817-4ebf-ab6e-64c5bb8aa843,Basic,49,active,2025-12-13 13:34:00
cc9803de-12de-4e5a-b387-928a29a3db6d,39bfca38-afe9-4e90-821c-3fb3a6a5f0ff,Basic,49,active,2025-12-28 08:18:00
13335bc9-bb63-4ff5-a931-0971601e0211,e34f76b4-2b8c-43bf-9780-be1712fecc2b,Pro,199,active,2025-12-18 09:21:00
e3c6dedb-9b79-4afa-aa3d-418da754a29f,f143e545-6e6b-44b9-87ef-2ba8b45a6ab3,Basic,29,cancelled,2025-12-14 10:03:00
43e8644b-8a45-4905-badf-9397ecf26429,b8d77d2f-8dda-4ff2-b27b-7bb468c690b2,Basic,29,active,2025-12-22 12:19:00
00fa0eb4-5c5f-48d4-8df4-07b82751ab86,7daec949-d700-4461-8cb6-b0ba925f8199,Pro,199,active,2025-12-14 09:18:00
4ab427e3-a360-4681-abbb-a89d34fadee1,06969d48-18d4-4238-b31d-e35c7af6cd41,Basic,49,active,2025-12-03 15:54:00
6334fa2a-8b4b-47e7-a451-5ae01754bf08,43d75413-a939-4bd1-a516-b0d47d3572cc,Basic,29,active,2025-12-06 13:56:00
44c07a9a-d64a-4b1f-b9eb-038a436e3c49,770e09db-7092-4401-8367-5d580b6c03c8,Pro,199,active,2025-12-19 08:09:00
c1a72883-f880-4878-a9fb-07638a9c66f7,cee4e512-5802-4640-ab0b-4cc515f0ea19,Basic,49,cancelled,2025-12-19 11:35:00
929d674d-798e-475f-afb5-6207ddecc40b,afe3af13-8917-48e8-b733-60946b2b78b9,Enterprise,499,active,2025-12-08 15:19:00
9eca381b-fb95-40fc-ad72-ed05924cde09,ccea5031-844e-450b-a684-390c923b7820,Basic,29,active,2025-12-05 09:48:00
aee14f87-fcff-49e3-940f-f5896c624c2c,0aeccec7-204d-49da-b156-7f2acef74829,Pro,199,active,2025-12-14 11:52:00
635a775d-1647-4e3f-9127-b207ceae1325,ea074d80-ba23-4c22-a92a-7b9751db1a37,Basic,49,cancelled,2025-12-18 14:35:00
966b62ea-9f80-496b-b34e-356ac95b61f8,032a461a-df9b-4c1f-aacb-1f6d7549c9f9,Pro,99,active,2025-12-17 14:07:00
1b0ae22e-ecc8-47a6-99a6-f80ef08ce6c2,f6ff3521-c225-4530-952a-53459682d9ff,Basic,49,cancelled,2025-12-19 09:50:00
099759a3-7919-455c-9be4-f19f92701d60,7c4f48e4-a7a0-4a3d-a20f-230b439e754c,Basic,49,cancelled,2025-12-06 12:25:00
bee975da-0c9e-4550-bcd1-ff3fb0c58278,54dccba5-e103-4e1c-a3bb-22ae6552ac53,Basic,49,active,2025-12-16 12:57:00
1924c644-af52-4666-b239-09f4dbb54645,7ddac1b6-d7c4-4aed-87c4-cc514f9a5f98,Pro,99,cancelled,2025-12-28 11:08:00
711456de-301c-4db3-96db-80dba543148e,9adfe981-6ab1-4e15-ba92-992e44f8b53c,Basic,49,active,2025-12-07 14:47:00
67443fb8-81bd-45d5-b5a6-571c4fa5c35e,10cc4604-28b2-4b1b-8a9f-1d5983e8b700,Pro,99,active,2025-12-05 16:56:00
74d9d1f5-0877-4804-bfde-98140ec0ad4b,d6441a9d-3362-4476-953a-e57fe00bd534,Basic,49,active,2025-12-02 13:45:00
3defa7ba-07d2-4d4d-ae61-716a1fb621ae,ec4e8cbb-a2aa-478c-a59e-0258814ff657,Basic,29,active,2025-12-12 15:38:00
da2cf852-0a19-4939-9fc7-ab262cb941fc,d02c75f9-198d-43a4-8cd2-0e4376dae194,Pro,149,active,2026-01-10 13:51:00
236dd176-da1c-46ae-8279-e2ab0bbf6334,e3ea2d7f-c219-4845-99eb-404c1851d1cf,Pro,199,active,2026-01-22 18:10:00
2ed087d4-57bc-4d3a-90a1-7fe85f642a53,17cba85d-bbaa-474f-a0e3-c5ce44afecb7,Enterprise,499,cancelled,2026-01-04 14:25:00
cc0243c6-e2d9-43c8-a61a-cd8e6bf7240f,ccc62fed-7a6e-43d0-99c5-9cd9b09d721b,Enterprise,399,active,2026-01-06 09:08:00
adab2c2f-91a6-46da-8d61-39887b90942f,973b6977-e946-4820-aa80-cac21a8cf13c,Basic,49,active,2026-01-15 10:39:00
e44a913a-f933-49fa-ba2e-eeb3d6aa5382,e1446b45-af39-4a9d-9cd1-c4130760801f,Basic,29,active,2026-01-05 15:58:00
de4b061e-b45e-4463-832a-09e05071e5f0,a7ac590c-42f9-4f92-9036-ca810bc4d7ba,Enterprise,399,active,2026-01-22 16:49:00
85ea16e0-84e3-4774-969a-def0df865633,ab7aeb66-f4ac-47e2-ba57-5cea39571344,Basic,29,active,2026-01-23 19:39:00
d3916dcf-d6ca-4e2c-a60e-37cc62874624,a4331510-ad21-44cc-a9e8-f0d8588309de,Basic,29,active,2026-01-18 17:03:00
c05db774-132a-4e58-aa57-e880de9205ea,7eef09ab-da14-4a47-b823-51d9d94df188,Basic,49,active,2026-01-16 13:15:00
3c28f5dc-d12d-4ea8-a73d-292060ee64ba,a4b0718e-8ced-4707-b903-4b6581c61eeb,Pro,149,active,2026-01-03 15:28:00
bec7fb11-7f53-4c0a-bb0d-3cda1e639261,50e96888-7273-4e7b-bf9a-d277db496e6d,Basic,29,active,2026-01-21 08:06:00
9e7b1e95-f692-441a-9aad-10cecab24f24,1744ee3f-d36e-41bd-800b-1f5e8c91bd13,Basic,29,active,2026-01-21 12:56:00
d8253010-3911-4943-910b-f4dc0de4faf4,d34794cc-5d04-432d-9742-3882f34a7949,Enterprise,499,active,2026-01-15 13:35:00
c262cad0-18f1-41e4-9d30-a29073d92ace,b7461b72-5d00-4f1b-a83c-1c2bb776e729,Basic,49,active,2026-01-22 11:00:00
7e0f60b2-2a06-4609-a599-bd3c0bb81d38,1b37ef19-b3bc-412f-9fb7-474e85a0d089,Enterprise,399,active,2026-01-05 19:47:00
3730dfba-6494-4d5c-9a29-6905ee22a70b,1ee93260-3002-4831-b227-e8d89c60c81b,Basic,49,active,2026-01-15 11:45:00
e44a0371-c5ab-4e57-9f8b-4af196bc532d,ac117bab-d664-4fe8-a21c-0c06ed376567,Pro,149,active,2026-01-15 15:42:00
ef705d01-8da0-4d88-8c6f-3051bc788423,87c5f526-011c-4544-bfb3-3be5f6bf2f72,Enterprise,399,active,2026-01-14 17:30:00
99bd6240-a853-4961-a32d-03021a82833c,20dda0ff-d0b3-4752-bb01-b2a52c745800,Pro,149,active,2026-01-20 13:32:00
57c5982c-f6ae-40e8-a5da-ced0460a6125,3f8c93d4-c32a-4c4a-b148-b2a6ea7917e1,Basic,49,active,2026-01-10 15:51:00
8c3d031a-b395-4193-97d3-b9d94c859233,8325bd9e-bf98-4734-a2ed-8686b33422cb,Pro,99,active,2026-01-28 13:45:00
ebd33927-5865-48e6-afc5-c20e4a636af5,b6e1e7ac-9fc9-4264-b5af-bb2d336d7786,Pro,99,active,2026-01-22 10:45:00
5a2c41bc-c2c2-46ff-9d8b-32d9b5d9ad36,5287964d-a30a-4658-b1be-6df28ae0b8a0,Pro,199,active,2026-01-18 15:37:00
d8e8b97c-e0a2-4901-8932-936e88addab1,d7654a18-e4d4-46eb-bf74-531cac9b389a,Basic,49,active,2026-01-14 08:33:00
29330fc4-c918-4346-800c-200c4458b006,332cce0a-0e7d-4698-ab95-c72f0d95aaf5,Basic,29,active,2026-01-10 18:16:00
2c816bf0-91f6-4406-8b5a-868394213090,4368ae93-bded-4b7a-95ba-304c4603c9ee,Basic,29,cancelled,2026-02-13 18:24:00
5a578607-67e5-4646-8430-f0fa390fecf5,e8410a39-f901-4b9c-a057-153a4067f790,Pro,199,active,2026-02-27 13:31:00
83b8fa05-13bc-4dc6-bae0-acdb2a6524af,709d338b-2393-4d45-a1cc-ff0d8078636d,Basic,29,active,2026-02-21 12:13:00
cfa9026b-6a24-4f46-baf7-fa21a93e7b5b,1e4ae3a7-d123-47c1-b7a1-267e9a1e0036,Pro,99,active,2026-02-11 19:07:00
3e612d66-05bf-4618-a930-b0c4d5576899,a5b2c7ea-2947-4f54-973e-129c35f0b1be,Enterprise,499,cancelled,2026-02-02 10:36:00
ec257a75-421d-4dca-aa95-59080e503fd8,2598f383-9280-4da2-a40b-50e40a086989,Basic,49,active,2026-02-06 16:25:00
15f39d39-f27f-4ad7-8890-7b6dd240ef02,a9681fc1-ba5c-465d-b834-4070e0e5f6e5,Enterprise,499,active,2026-02-07 15:38:00
d209383b-9528-4c0a-8b6b-f5622488c84d,99d090fd-6928-443e-9492-b51a38283a05,Pro,149,active,2026-02-25 10:39:00
119fb03e-9731-4c91-98b6-691b74169e82,ec1f41ce-57b9-4dfb-af82-e70cb9644e4f,Basic,29,cancelled,2026-02-08 14:24:00
2649a478-d396-4f0a-ab77-af9eaf32baf8,811db4af-e8ca-4483-9c0e-337585d0691c,Basic,29,active,2026-02-20 09:11:00
e6e8790b-215d-4b1f-a8cd-f44d7b742440,17db4c2f-1e15-4e2f-809c-2ebe80da2ed7,Pro,199,active,2026-02-20 16:52:00
3abf9c65-6dd0-43f3-87a2-0e22b298b811,0b1ec578-dff4-4c51-9ed1-0e7f6bb1f2bc,Pro,149,active,2026-02-26 15:50:00
1903f9b3-937c-477c-b25b-6de7d6521e08,c2f43c10-e869-407c-bdcb-fffccdfba4e9,Basic,29,active,2026-02-14 10:16:00
01667221-3063-4e7f-81ff-81d1689d1205,8b31f4d8-e073-41d0-9929-afeb48842a14,Basic,29,active,2026-02-23 19:50:00
68aa1236-50de-4f43-8de5-c35ab0117b0a,349651d6-a790-45b0-a001-f54d01d77831,Basic,49,cancelled,2026-02-12 09:09:00
fde6849b-468b-42af-9ca4-364d5d9ad9f1,908e3a95-6c6e-4796-893e-2b89dadfc499,Basic,49,active,2026-02-22 14:48:00
93e0f235-4e80-410b-bd0e-e0b640f7924b,7bd7b4bf-8e0e-4bb7-8f20-c5e75ec646eb,Pro,199,active,2026-02-12 19:25:00
19abdc15-296b-47bf-b301-bb6cb3061300,c879d932-7254-4ab7-bad2-4ac8bf70c042,Enterprise,399,active,2026-02-07 16:25:00
a2c8cf62-f6ee-437d-a39c-4c6c2926205d,0d53551a-b4f0-4f6f-af3f-9d9ab2725aa7,Basic,49,active,2026-02-01 09:52:00
b9787c4b-09aa-4570-9be9-50c7147d7bfc,5eef0d1e-38c5-4f5e-8359-ff43106793b6,Enterprise,499,active,2026-02-13 14:39:00
706078eb-7e8e-4d12-a3ea-21a22cde9187,d1fa82a6-c60b-440c-b21a-6f380eb5e5a7,Enterprise,499,active,2026-02-01 11:54:00
3b4ec9f5-b2cd-4a0a-840c-5cb082b34384,9979cf26-c8b1-40e1-889a-9f4f31dae817,Basic,29,active,2026-02-20 10:43:00
5a669316-6641-4954-8798-a44546a3cc71,ff2f6883-163b-4481-a84e-4cd4f9c3ee05,Pro,199,active,2026-02-22 14:25:00
b9e439ef-48d4-45a4-8cb2-1aa217151c03,eb4f3638-1190-4515-b420-9103bca726eb,Pro,149,cancelled,2026-02-27 16:58:00
932d1648-6769-40f1-ae01-b9e0746b161a,31cc6738-f68a-49b7-9b3a-a1d139ee80ab,Basic,29,active,2026-02-01 12:11:00
8366c189-cd8d-4f75-9df4-4d3ef26f9b19,5708013e-4b54-4670-80cf-b1db1287e313,Pro,149,active,2026-02-09 16:52:00
56f401e5-c1e9-44fa-be47-27fdc51c91f4,7bcf2b31-902b-4154-a088-5550f74f6900,Basic,29,active,2026-02-25 15:43:00
386af9dd-fe83-432a-89e5-5c47a237a8c1,61f6dfbe-114b-4c79-8200-79f51dc3c26e,Enterprise,399,active,2026-02-22 19:14:00
498bcf67-3f8d-4f96-836a-e2bbd5098e07,b368d836-027d-4808-8920-7bc484399ed9,Pro,149,active,2026-02-03 14:43:00
e4f1e8e8-37f3-432b-9a81-762a5059f77b,79ff89d9-2db1-4deb-ae6f-fbea8df71647,Enterprise,399,active,2026-02-19 12:11:00
34ef71df-43f1-4b58-9f6c-0d603df76a69,bc45144a-3c1f-4ff0-b31d-58bbbcb3636d,Basic,29,cancelled,2026-02-08 11:53:00
6f2537ce-a206-427c-bc68-41d61ce8e12f,f9287d26-37c0-487a-aaac-826edd18ab28,Pro,199,active,2026-03-11 08:10:00
c891d55d-94c1-46b9-8ac0-13d5f80590f0,02493a09-3e3b-4a40-8a05-53a26553b15f,Pro,149,active,2026-03-23 15:44:00
ee4c1b18-56a2-449d-9e5f-8273af9a1168,17661795-7ffa-4493-a85e-ed0a3fac4317,Basic,29,active,2026-03-25 18:03:00
8ef00de1-fb4f-4972-9115-d7ee3b90908e,7ce34563-2036-4a73-9b7e-0502ca9d8831,Basic,49,active,2026-03-26 18:48:00
e60ec813-402d-40fa-a27d-ceccb972393a,5bb0dd76-60b5-4717-b072-afc805776108,Enterprise,399,active,2026-03-02 15:45:00
52dcbffd-5900-4d65-8b2a-b7592fc6c4e6,91135d7e-3095-4621-bd76-ab58b271115b,Pro,149,active,2026-03-24 15:17:00
436adb9d-d1c5-4a00-8bb1-3407730ad7de,27afbff9-87f8-4f62-91a1-e557290c4414,Basic,49,cancelled,2026-03-18 13:29:00
3d211daf-9ec5-405d-86a9-05985d340833,db592a19-9ea6-4d4a-84ca-d30ae207db20,Pro,199,active,2026-03-11 19:04:00
9cf023dd-2775-49a2-8d2c-fe83c4072654,7f5f61aa-aee7-47a5-8629-6fbe309b48dd,Enterprise,499,active,2026-03-10 13:26:00
2dbb45bd-2138-42e6-b013-a170d5cf3b4c,0b34fc84-1111-4e29-a8ad-153985f0786a,Basic,29,active,2026-03-28 08:12:00
869c3a8e-7d6a-47c2-a86d-8706637b3648,d617b9c0-a449-464f-922d-dab608252b39,Basic,49,active,2026-03-20 19:37:00
a7df30b2-356f-4c0a-abc8-f6b7ee224f70,03599c6d-1224-4bd2-b7c4-b3ee9b1fc6d1,Pro,99,cancelled,2026-03-16 09:29:00
cb53f0be-5e7b-4866-9270-54706a7be8b1,e3f342a8-f030-4fd4-be54-898e8eda6433,Pro,199,cancelled,2026-03-23 08:52:00
f5e90352-3745-49f2-b1d1-88b913f39289,4dccb05d-d59e-40fd-9204-f4d6bbfb1b71,Pro,199,active,2026-03-17 09:06:00
f28f9444-a015-4d65-91ed-554a3faeef01,a8290f3c-86b4-452c-b170-46b930807a5d,Pro,199,active,2026-03-06 16:47:00
aa4d52a8-b3da-4808-b56e-b67dacab8b69,5ba37cb5-9399-4d15-a37c-e1c5c42b266b,Pro,199,active,2026-03-14 09:10:00
71693ed5-9994-43cc-bf99-57a888adb388,287e4086-a854-427e-9667-3e4981338bdc,Enterprise,499,active,2026-03-12 13:35:00
9bc0fa93-52cd-4def-b9d2-76f4d37ee471,6e3b0507-a21c-4209-83a1-962d698f546d,Basic,49,cancelled,2026-03-08 17:34:00
08dfaaf8-b9ef-4ad6-800c-d21a65a7ba30,f5b70dd9-728f-4897-b3d0-b6c7f62ecf88,Basic,49,cancelled,2026-03-10 17:01:00
c5828939-058e-489e-909d-97cddb107e7f,36fea0b4-38cd-4122-bc01-45e14ce2afa2,Basic,29,active,2026-03-27 19:52:00
e3be7ca0-5df9-44fb-83d6-43ed236eb832,27f6a2ac-5b0c-4170-b5da-cbbe09a9161a,Pro,149,active,2026-03-19 11:14:00
b93c92d5-13c3-4b5d-bbf8-da9137a9f824,eafa4d5b-91ae-4d4c-a659-2d83920b725b,Basic,29,active,2026-03-11 15:11:00
1417182a-61ad-418a-9387-5413ceef7261,bb1502ea-0991-4f46-8ce6-928ba46acc9a,Enterprise,499,active,2026-03-25 08:58:00
bf67de42-3a0a-4b59-8538-4872deaa543e,1edbbe71-de2a-4ddf-ae24-9b726aa12abd,Basic,49,cancelled,2026-03-21 17:59:00
53ab3cce-264a-404f-909e-21ba8a38d5aa,51beba8e-0a8a-4b94-863d-fcd64e0648d0,Basic,49,active,2026-03-17 19:14:00
4a2f3876-6e93-4615-b8da-9a90170fad32,8135f15a-9343-46ea-985a-9548c0ba22a4,Pro,199,active,2026-03-26 14:09:00
e5c482ff-5e5a-40c1-92a4-73f94c9e903a,c4bd338e-17d7-4fc0-892c-d030ee757637,Basic,29,active,2026-04-13 09:48:00
86eced99-5447-4290-8640-4b2adc0228af,b1d29457-1f3c-4a1d-a271-97ca788773ed,Enterprise,499,active,2026-04-14 16:13:00
16718639-fcb8-4f9e-8769-0baaa104bdce,fab6ad91-bacf-4cfc-9245-1cc41bfb3b3d,Pro,199,active,2026-04-16 19:44:00
feb9ea24-933c-4d00-8680-0a0b42791490,510564f9-d909-49aa-9bdd-3d7a6d53628b,Basic,49,cancelled,2026-04-20 13:59:00
9c02040d-e237-4877-ae0e-6673ced7cd17,7e14c595-7f6b-462c-a1c1-6b96baabd9f2,Enterprise,399,active,2026-04-08 19:18:00
3513a238-d91b-4a04-bcca-ba381e30614f,cbf6aa23-a01e-41f5-b702-beba0623ffbf,Basic,49,active,2026-04-26 17:26:00
b0a4f557-3381-401f-a3ff-8fd202e460aa,365bc763-a333-4ea8-8e58-de208f7763e0,Basic,49,active,2026-04-10 12:50:00
57637902-5552-4712-af92-ef221d2467e2,0191d19d-c45c-4fbb-92ec-ac278ccc617e,Pro,99,cancelled,2026-04-13 19:36:00
ea89a979-7aa6-46ea-ac27-3009ec1a86d3,56830783-d575-4337-949c-9eb931ab0158,Basic,29,active,2026-04-16 08:41:00
d06d3943-c8b3-415e-b664-704355c9bf0f,e55b93ad-8976-4471-9d7f-57d1e45def26,Pro,149,active,2026-04-14 19:03:00
93d054e4-3550-407e-84ca-bb38892fca69,8e2017e1-50c4-4b4b-ad9e-5c1eb9974024,Enterprise,499,active,2026-04-22 13:51:00
600fc79c-fbce-4087-96d2-b14d07faf6f7,d73aae7b-47cc-4a66-a638-d8bef83893a2,Basic,49,active,2026-04-21 16:53:00
db9a0eb7-b48c-431b-8eeb-87ffc064f074,c847b130-dd56-430e-9de9-87a2985e7e89,Basic,29,cancelled,2026-04-11 19:02:00
3754f16f-4d79-432c-b362-d408d4575305,73b0220d-5f20-49ea-bcd6-1f5ee0864418,Basic,29,active,2026-04-17 12:11:00
e7ab2ef7-7b8f-409a-8c8c-eba90662200c,8188de48-719b-4dd6-97b4-e75be9d18ec2,Basic,49,active,2026-04-17 10:12:00
d277ab64-1927-43a7-9f2e-37e7c4fcbb84,24aefbea-53cc-4b95-8689-58364f73ab1c,Basic,29,active,2026-04-17 18:08:00
eeada90c-4f9c-48bf-810d-583f1da76d69,85b864d4-dd64-4387-b6b3-8fbc6338fb29,Pro,99,active,2026-04-02 18:54:00
bedcacb7-a8b3-41a0-8424-6277854494ab,1a64f27d-0bcf-40fc-a3a1-af9777852ddb,Pro,199,active,2026-04-10 08:36:00
c5d56016-51b3-4cf5-8843-3a3846d28109,495c7ac8-314a-4bdd-b357-9b275225374a,Pro,199,active,2026-04-15 18:07:00
34e24142-1a35-4475-8399-7ac58f43a250,9f795228-f553-4567-83e7-dd211d4d46d6,Basic,29,active,2026-04-18 13:35:00
56b7979e-e46a-4b42-9cfe-cbd84fb67094,123cf911-2bd8-4d4d-beac-db2892f71993,Basic,49,active,2026-04-18 15:03:00
b465c027-2dd1-445b-a454-a82a6d2cdbf9,160beed4-0dc5-442e-a233-960a1b1e06c3,Pro,199,active,2026-04-20 17:40:00
c226ab53-b680-473b-b2b9-c542d143e0a2,5513b74f-4ffc-4c54-9b0a-31ea9dc6d783,Enterprise,499,active,2026-04-22 16:05:00
18e63a55-77e0-4e02-b2d7-692aeb70bda9,cd66d79d-d017-4108-97c9-5aaa21bd55eb,Enterprise,399,active,2026-04-15 12:43:00
420fbeef-9def-4ab9-a54c-a6cadc70ce22,24caf1b8-394a-47fd-b28b-f8463b504fda,Pro,199,active,2026-04-12 14:11:00
10bbc60d-07bf-43ee-bccd-3dc0740a5bed,53238aff-e1e5-48a1-9c5c-d673c9ed66a6,Basic,29,active,2026-04-16 09:22:00
67db0943-1a59-43eb-8208-fd42209ce4a5,931e1d4d-9abc-4859-993e-dc83c497d0a8,Basic,29,active,2026-04-27 19:50:00
3e628981-9ef1-474f-bd13-452669d75427,972d5d57-669b-4896-b602-72ba8862036f,Basic,49,active,2026-04-18 10:30:00
9134c0b7-6f73-473b-baee-bacdc8c8ccf9,6e5fbf71-9749-42b0-b1ad-e82ad05cc78d,Enterprise,499,active,2026-04-26 13:34:00
ecc0baa6-3ba4-42ba-9450-0024bdb58d06,2621d32d-895c-467f-9fcf-338cdec56dc3,Basic,29,active,2026-05-03 08:47:00
216aebcf-a616-4de4-b388-300a3e20718a,0bb9a8f6-9e4d-4214-ab03-4c4ee83cdff9,Basic,49,active,2026-05-01 10:40:00
d145bd7f-d15b-4a37-905f-86aa974e8f83,d5d9a385-2bb2-4cbc-9c79-4cdb74c88361,Pro,199,active,2026-05-04 09:31:00
fb70fbf3-d5fd-46d7-8fbf-d796565c1e3f,6d1c31d6-33e0-4a38-8df0-aaba1027fbf7,Basic,29,active,2026-05-24 18:25:00
2c6710bd-97d4-4f61-8bab-8f53c3a4704f,36965c84-cb08-4605-b6f6-1488d62015f0,Basic,49,active,2026-05-11 09:07:00
94fd0594-ecf9-4245-be5f-7e23704c19e2,2a3dd769-8dac-410d-9eb3-8ef5b24070ca,Pro,199,active,2026-05-02 10:06:00
01a02047-14aa-4ca3-bca9-e68fe12f3b21,04005940-2862-4b4e-8714-d549604a1fe2,Basic,49,active,2026-05-01 10:59:00
34c6ea9b-207c-4594-b13e-655f79dbf407,c5c6ab7d-cad0-4982-8eb2-8a32b189727f,Basic,49,active,2026-05-05 18:17:00
b79a566b-2e14-42be-98a5-47b209a18b34,b11184e7-9c4c-47b3-acaf-3d2ff026a418,Pro,149,cancelled,2026-05-16 17:05:00
87bb1f6d-fc92-4c73-9e14-fe0431208bde,3c52d68a-8ec6-4be5-812b-809e6b358d15,Pro,199,active,2026-05-04 17:23:00
0d95ee72-46c3-4497-b546-9cb1a8c9aa31,a05ff5e6-c534-4e41-b6d6-dc3938227b0d,Basic,49,active,2026-05-07 09:50:00
5d3bc1d3-a515-4982-8dd4-c0e60b099fcc,ec344cf0-ab8e-47a1-a8e6-01302d238ed1,Basic,49,active,2026-05-10 11:27:00
c9160147-2875-4d5d-ad06-f8628990779c,ecc3b699-0d6d-4b42-bd8b-f6031abb574e,Basic,29,active,2026-05-01 15:32:00
e5fbc1c0-ad46-4549-bf41-13cb32e15f17,6b47ed61-5372-4bed-946b-448297bb9fbf,Basic,29,active,2026-05-11 11:49:00
387d5add-e430-41aa-a022-e3ff33304e33,deb0de7d-699f-4b02-bcdd-0b483cb3c9fa,Basic,49,active,2026-05-03 15:37:00
22eb69b1-5f9c-47e0-a328-143e2d9563ed,747a4829-9c03-465c-ad8a-028c3756999b,Pro,149,active,2026-05-15 19:12:00
22f1c32b-47d5-4c92-8f45-55da91941591,b134b58f-0837-49f8-a090-f35e55fcf991,Pro,149,active,2026-05-04 15:29:00
f3e816b5-a353-4a98-8b68-a34eca1fbff2,2823442c-9a87-4357-8b8f-b475e2ebb2d2,Enterprise,399,active,2026-05-20 10:36:00
9771d80b-3768-485b-bee3-dbaadcb913b4,7d3d16ca-8592-438f-9b62-a1f76964eb16,Basic,49,active,2026-05-16 15:17:00
977e5877-ed6f-4ee3-a44e-7cd138efa3bc,9457f388-6f2a-4c8a-93c9-aacb3f71e1ae,Basic,29,active,2026-05-05 17:57:00
87f797fa-6cfa-455f-889b-5b4981145252,c4c36368-bbc5-4a50-b87c-b0d3fdc419b2,Pro,99,active,2026-05-13 15:51:00
bb56588b-b172-4c53-832e-2730c0c9c3ed,8ef90060-1545-4c64-bd92-29527ecb002e,Basic,29,active,2026-05-14 11:08:00
dba0c89e-7593-4f5a-b40b-c353296be903,4e09c596-ab45-4af0-bad3-0e2a0413ffc7,Basic,49,active,2026-05-19 19:37:00
df1e04cb-ca34-4e3c-af58-9a8167c5b29b,b400a5e1-dfcb-421b-a37c-db55c596fab7,Pro,99,active,2026-05-12 18:29:00
6d07ee0b-4bed-423c-885f-f4d187ea651b,5539562b-b0d5-48a9-a4b8-1e896287729e,Enterprise,399,cancelled,2026-05-25 12:44:00
f200a32c-83c5-4510-8e08-2343eea77ea8,bc5ad195-55f0-4600-a17f-348d9ed62705,Basic,49,active,2026-05-22 13:56:00
8f0ce422-a5ee-44a2-acde-531f5dce8d9b,5d96120d-0a76-4d91-9e7f-87a777215daa,Pro,99,active,2026-05-23 09:35:00
bcc4f087-7a7e-4c31-a627-61671d121daf,8a257159-3d17-4879-95bd-f39efb334e61,Enterprise,399,active,2026-05-25 17:55:00
46f2ff38-6c45-4540-ae23-56f380e9b300,44719067-e5de-408e-9a4b-4fdb5209eaab,Basic,49,active,2026-05-02 09:23:00
d34c0a09-ada5-4cb2-882a-e449b5b71c24,785ca87b-1f69-42b1-945e-087f86d4aba8,Pro,199,active,2026-05-18 12:28:00
e5dfc7af-6403-44bc-9486-0c2d1659ddcc,75373d14-e24c-424b-a453-c4c23037f0b7,Basic,49,active,2026-05-06 12:04:00
f3bd2348-854b-48fa-b44a-21b7dfff8cea,26870a98-7f0f-4662-a5e0-50f6b273f93c,Basic,29,active,2026-05-21 08:18:00
3066478c-4aa0-4842-857f-dd20a50a0a29,bcda835f-71a0-4ff8-ab8d-a34058c158e2,Pro,199,active,2026-05-03 08:55:00
8a601b92-dc13-4c04-8f3a-2f8d57f731e3,8add3976-42fc-4edf-813a-3aa57d810c21,Pro,149,active,2026-06-18 08:48:00
09360f02-75ac-4819-b14b-5c03605797cf,da55f825-5086-4384-b33a-c54f62359144,Pro,149,active,2026-06-02 10:35:00
c3963bf9-7cc9-4887-a39a-c771b739a28a,4ffd5b7a-226d-424f-ae41-1e237dd19b8f,Basic,49,active,2026-06-04 17:43:00
7ea413e5-436d-477b-a431-cbbe0e44c9dc,81b61c87-2803-4eb5-9ab6-c73d8feff87b,Pro,149,active,2026-06-19 14:39:00
594ffd27-5dcd-4d40-9641-510220d1968f,0b8ce21f-9728-4c5e-8734-a4030fb97b5d,Basic,49,active,2026-06-26 19:37:00
0e737523-59ec-4846-a974-37ea5b7c57e8,fdf02450-585b-4b17-ad9b-1eb118ebeed7,Basic,49,cancelled,2026-06-22 11:15:00
566c93cc-1d4d-4db1-8e0e-be2ede72d970,10c49f9e-b020-421b-a90f-413715bebdd0,Basic,49,active,2026-06-06 08:34:00
783e40ab-b22a-45a6-8539-1557444122a5,6bd1f826-e6c2-4bb7-83c7-4cbe916baf87,Basic,49,active,2026-06-19 08:20:00
34b6685d-acd4-480a-b0dc-75fb199d5089,7d05121c-ceee-4d65-9904-8ca79291e493,Pro,199,active,2026-06-11 15:32:00
7f383a3e-33a6-4403-af9d-1d74f82c6ad8,5d037a06-4cad-46c5-9d65-5c032aa814da,Enterprise,499,active,2026-06-21 09:53:00
39d3a9cf-cdfa-46af-a6eb-43b092d2408e,ff08c739-4c1d-4e43-8c2b-03e443e1346d,Pro,199,active,2026-06-20 19:05:00
79ab3018-87f3-49a4-8d1a-810d910171d2,1138978b-45fb-4e8a-963b-04fa9784713d,Pro,199,active,2026-06-14 11:22:00
33383ec9-5037-4669-8a3a-0129a9d84c4f,6ed338be-4cc6-467e-8ddb-3f9e81300e68,Pro,149,active,2026-06-14 14:16:00
2fc10403-dcda-4cc1-8427-4378b40d8aef,a0ba6142-04c3-4fed-a182-701b2e3bdb69,Pro,199,active,2026-06-19 15:13:00
c4e4fe52-da4f-406b-9d4a-c78bcf1643a0,88604b56-a34f-4452-afe9-e8c94497734d,Pro,199,active,2026-06-14 17:46:00
c3f9c78c-af70-4164-bf16-44542685602c,3d8925a9-25d2-47d0-b665-87075d411ac5,Basic,29,active,2026-06-10 14:26:00
41a67c90-291c-4da1-a563-0d3a497bc13b,d2deb47d-4455-460e-a995-8fd1d8914adf,Pro,99,active,2026-06-22 17:15:00
7c420494-76d3-4b96-8f7f-963ed3c544a3,cc0b200d-3ede-438e-8717-9ef331216863,Pro,99,active,2026-06-18 14:27:00
471c10ae-cdb4-4dab-8a27-cd6942264ba4,0775d778-22ed-4e25-85d0-738228cbb7ca,Pro,99,active,2026-06-22 16:11:00
9a0270da-505c-4021-957c-6813e581620f,dc0db266-0e29-4d9a-8518-bd4dc840789b,Enterprise,499,active,2026-06-10 09:57:00
1ca79972-3c6d-4173-a3fb-c01fd7be7b4f,b9676dc6-d6fd-41a5-b173-12f4659ae9f2,Enterprise,499,active,2026-06-19 19:32:00
503ba8c3-ce83-4e27-85ef-d6701f4d88ce,998de3d8-3cf2-4ade-971a-8b65e272d7ca,Basic,29,active,2026-06-11 17:47:00
708175fd-4648-4be8-b84c-e7a936cfd2d5,2cd6e8df-1b58-49c9-a4ef-65a737cf65ca,Pro,149,active,2026-06-14 12:55:00
79900a27-6c7c-4eb7-8bb5-f24251057c35,1ceb08fe-f2de-4798-b31a-25b55fecaa6e,Pro,99,active,2026-06-22 11:17:00
f7808afc-a538-46a7-8565-1e804ee45227,d2450039-5e24-496e-b736-3ad979a8226b,Pro,99,active,2026-06-20 08:53:00
5ce4124b-b35b-4f78-b55f-2e80a3922a4e,4f2c386f-627b-4edd-8d7f-937140c37cbc,Basic,29,active,2026-06-26 18:07:00
eafd3e7b-fa5d-4d40-ad71-1fe9649a0bf9,f5f3943a-e8e7-4030-8203-83406372d635,Enterprise,399,active,2026-06-09 12:05:00
5132fe68-a1a0-44a9-b058-3380ea77d1d6,2904a6d6-e3e7-45ab-9c02-bc2935dbe396,Pro,149,cancelled,2026-06-26 18:26:00
ed2eebea-69b7-4533-bca8-3a8278997035,7ddf8484-f0c4-4ecb-878a-7900d2bd16ec,Basic,29,cancelled,2026-06-27 13:45:00
baaeebf8-9a24-4525-abbe-2bd65a1341e7,10fd7164-819f-4393-82ce-ef41b2cfba8b,Basic,29,active,2026-06-27 16:47:00
22d6f0a2-a41f-4d38-8a80-3df87182fcf2,a151ed02-2f09-4f4d-a43f-683aa43101e4,Pro,149,active,2026-06-01 14:12:00
c481ea69-f83b-4029-b6ac-204884308e0c,3fe604f4-2867-4d3b-9c5f-3cba150d28eb,Basic,49,active,2026-06-27 18:48:00
b4d6f3e6-1aa9-4d26-ab63-6d669ab2b735,83f06e7d-dfaa-4505-b0ac-b9bada78f4c5,Basic,29,active,2026-07-02 15:51:00
d2d81eb3-1a14-4609-b287-b989dbbf46ed,c83b6467-9c12-47d2-9c4e-7b65c81a5f0f,Basic,29,active,2026-07-18 08:32:00
c3101e2e-7107-414f-b54a-31ba4ac8927e,ba751921-2833-48ea-9c94-563ae9365d1b,Pro,99,active,2026-07-17 15:46:00
f83a1bce-7069-4977-b3af-15bed93d8722,1f7bd82f-2345-4e72-91b4-856255a8d6a1,Pro,149,active,2026-07-14 08:15:00
c13d8929-b717-448d-9f57-fd27441999b6,15d1e2f8-2bd7-4038-8149-2b7a4968fdf2,Pro,99,active,2026-07-14 13:40:00
eb035cda-69d5-4317-adc7-5587cd40b648,235398a6-3a6a-42d9-8986-f8936bf5fc98,Basic,49,active,2026-07-14 15:54:00
f19293c9-8470-46c8-8e66-31cbb7b651ee,028bffb6-c528-4c36-a545-034c714cd65e,Basic,49,active,2026-07-03 09:21:00
26a4cbef-a437-499c-ac2a-322ba9014e33,097ef98d-c25a-4eb3-a4ad-19050fbc6377,Enterprise,499,active,2026-07-19 08:40:00
b8b791b0-4de8-4d1e-9fa0-bc178db969af,b366ffd1-ae4d-4a19-a2c2-aa2466e9a80e,Basic,49,active,2026-07-24 13:58:00
3483a23b-a4d5-46e1-b239-720167687c42,b3468999-2598-4c54-aba2-a67c9c433e67,Pro,149,active,2026-07-18 17:50:00
e1878e93-3281-4976-8680-a2e5678daf97,a614f06a-c814-44cd-8fd4-2949e33ea976,Basic,49,active,2026-07-10 09:02:00
8d41d660-82fc-4908-97c3-05fc36b74e27,48af7f10-8a71-4a73-bdee-baa1853d8090,Pro,149,active,2026-07-10 16:21:00
d50cf57e-3dc8-419c-8239-850b97ae50f0,8a39068b-cbed-4473-a3eb-f7c10723e11e,Basic,29,active,2026-07-25 12:46:00
0c3838a5-1fb2-45c4-9abe-c3fa81eb7abb,a08262df-427f-4635-9f7b-8b00d7720330,Basic,29,active,2026-07-25 18:07:00
90cafac3-94e3-452b-bd2f-1be9beea002a,ce2de105-3c70-4fca-bba2-a5f156c76990,Basic,29,active,2026-07-23 18:42:00
ac249f30-92a0-4677-b700-b3c5d0a90840,c8e7f2f6-aabb-4cac-88d7-51654c987a1b,Basic,29,active,2026-07-05 19:24:00
744da236-5c7c-4778-874f-054fd2a5d216,314b4d36-9516-4359-8436-2fc753edc74f,Basic,49,active,2026-07-04 10:45:00
7237cf5b-36fc-4c46-b9eb-b8bb214bd473,e3755867-6cc5-4071-8feb-ecad179d9ae3,Basic,49,active,2026-07-03 13:43:00
ee585967-b063-496a-b0a9-1477ff1b654d,6c65659d-a2ef-4e21-bfb3-25689594eea8,Pro,99,active,2026-07-16 19:26:00
83601fb5-b45b-4ad3-b7d0-eea0211f632b,752caa97-b60d-46a3-bc19-8515208b326a,Pro,149,active,2026-07-28 16:07:00
f3aa972b-ebf4-4b9d-9e8c-8bbf8f1c5f8c,f1ae8af9-2826-4561-bf1a-61d70858f527,Basic,29,active,2026-07-04 17:54:00
4e0f89b9-5f18-4c02-9e24-5a97273ef6f4,85d4bf0f-0a4f-4e3b-8a22-9ba5925f2cc6,Basic,29,active,2026-07-12 12:18:00
e39940dd-4e1f-49be-a4ed-c295efd37a6d,0c746518-6bf8-43df-96f1-9d54c8a6a005,Pro,149,active,2026-07-10 11:11:00
7b2e60e1-6ae6-4480-8b70-4f97ded44617,114be8ca-5941-4ea3-8c2b-678e1f50e1aa,Basic,49,active,2026-07-19 12:36:00
2376324f-c30f-4c69-a1ff-cf729b0fcaa7,d56c478f-b854-4d6a-959f-2b6979a8832f,Pro,199,active,2026-07-17 18:29:00
aa1cd2d8-9ff0-4466-8cc0-744616dd58af,53415fe2-ba55-4e35-9dc8-d27b2623b91a,Basic,49,active,2026-07-20 14:24:00
47020de0-bc64-47e9-b16e-c0b6e3d9de7f,aba23511-f544-428c-8bba-d72a8a7e9cce,Basic,29,active,2026-07-21 09:55:00
1fb026cc-a529-4f56-8fa0-9a4c4f10aae3,b518174f-c587-4243-8bd1-0fdca14ed649,Basic,29,active,2026-07-21 16:05:00
1ecae0c0-04c7-4b2a-a598-e5c280acefb5,79d05e2b-c024-4b51-b07c-3f638591a818,Enterprise,499,active,2026-07-22 16:11:00
15ab7cd2-71b9-45c8-945d-91a5e33d6982,d6c34b19-b4a3-4c95-9466-99843ecb1bd6,Basic,29,active,2026-07-26 16:38:00
06289878-6a39-4607-ae35-c5c86fe05fa2,57076494-05f4-449b-af10-b6ccdcaa5994,Basic,29,cancelled,2026-07-28 16:20:00
f394c60d-c2db-4aab-bd41-1a05833cd4f2,a7728290-78d5-40ef-830b-4532a7c24c68,Basic,29,active,2026-08-05 14:14:00
b8f6703b-77ff-4c31-81f3-78378d783178,c935a278-9645-4ec1-840d-214b3bd54863,Pro,149,active,2026-08-27 15:21:00
73315c49-704d-428f-b5a7-58ab6aed979f,b2ac4768-f122-4f43-8527-4f356dc56044,Basic,29,active,2026-08-28 16:01:00
5acb287d-d594-4c84-a8aa-454ecf76770a,7ff2e80a-027a-46dc-bce0-caeff17fa5c0,Basic,49,active,2026-08-11 11:26:00
ec11a44d-083e-4925-890d-35aa914cc11c,05f30bc5-9642-4052-9379-f2794cb50625,Pro,199,active,2026-08-05 10:21:00
6400bb0e-f2dd-45f6-b446-c0f0619e17ff,faec8f42-6411-48ec-9df0-177192e9b765,Basic,29,active,2026-08-03 16:24:00
2be26bd1-17de-4ce8-8dfd-3ecde50dede5,a395b867-7397-41a1-b641-940591cbbc49,Basic,49,active,2026-08-04 18:35:00
34b55b86-48a8-4587-a2c9-f4fcf686cfa7,e94ded1e-11ca-4a0b-b2f1-94d82fcb0dce,Basic,49,active,2026-08-08 12:42:00
692e33b9-e8e9-47f0-9c15-c7c553a75581,2bfcc524-02d3-4b7e-84be-7e1c5e5ffeaa,Basic,49,active,2026-08-13 10:07:00
21433dfc-34db-4a6b-9d9e-7b6de75182a4,f48138b5-6395-49c4-919a-7396be3e9a90,Basic,49,active,2026-08-28 11:19:00
b77e5f7a-80a2-43e3-b3f6-07309665df7c,4f70b88b-f06c-49d9-9339-304b9a8cb3d7,Basic,29,active,2026-08-22 15:17:00
54323b1c-869e-4836-bf30-ea12cebca264,9ad75b94-6634-43e9-9317-d8c91060573a,Basic,29,active,2026-08-19 15:29:00
d7b73862-b347-41d4-98c6-b1c674d082c5,eb3cc270-e188-43d7-a573-dc3049b49625,Pro,99,active,2026-08-23 12:25:00
627967a3-7534-49c0-ae9c-92babbb5e037,9e23faf9-e664-44db-adf8-d4a83fc74cb8,Pro,149,active,2026-08-22 10:44:00
89a92af3-a0ca-4f8e-a1ef-2dd3461633bc,286e3f0a-dedb-4ec4-a2b2-de4b3d5cab0e,Basic,29,active,2026-08-10 18:58:00
1397b542-5e65-4990-becd-0ded1f08f855,8d85ddf1-c309-4f28-be0d-40b469498671,Pro,149,active,2026-08-25 09:32:00
06d6fba7-7650-4bcd-8b6d-35d7818d72af,3516567d-40b5-4023-aa32-e55373708a7e,Pro,149,active,2026-08-03 18:44:00
02bfaf1c-09ab-49a3-a58c-72ee31c46ef9,db13f2ec-663b-4427-bef7-110a57f9f3a7,Enterprise,499,active,2026-08-09 09:45:00
b6ad478c-3e06-4427-a832-a2288c65d01b,1521e825-1177-4dd5-b61b-7e117c192e61,Pro,99,cancelled,2026-08-15 10:30:00
88df12c1-1fc8-428d-8b4d-10792d5f60d9,19bb5bf0-9b63-4a38-849f-fb5fd6a7aa06,Basic,29,active,2026-08-24 14:10:00
e4872e77-08d1-4094-b6e3-b91b3777d823,2d8d7db8-5bab-46cc-b0ce-f646274b8b98,Basic,29,active,2026-08-22 16:13:00
b0ba8fe3-63ff-410d-9a50-a93ce5a2709d,a8f8687b-b766-4c85-a99c-37b3a4195fe4,Pro,99,active,2026-08-10 15:03:00
3332432b-3d10-4a95-a8a4-42385fe8b710,3fec5325-edc7-4f12-b3a5-1ac6c461994d,Basic,29,active,2026-08-03 08:26:00
e1dd7fdf-f570-4436-b877-2265102c01a3,ab404598-ae11-43c2-b130-dc8fd20e0734,Pro,99,active,2026-08-04 18:10:00
30862fe3-a075-4372-8fe2-c74f529b20e0,53bf8b10-d0cc-41a5-9b91-2adc833334f6,Basic,49,active,2026-08-20 11:59:00
66f29d1d-03d6-4f3f-ac72-767552c83bfc,5b48961f-1b1b-4cd7-b6ba-49183b7f1998,Basic,49,active,2026-08-21 13:00:00
0b3f953a-5e75-488f-9fb8-86b2a662cb92,4748ffb3-d0a9-4757-a870-2d9710e67176,Basic,49,active,2026-08-03 11:26:00
2be4be9c-91b7-4c45-99b8-1389ec16ddb7,fd93754a-ca90-401c-8943-314fb668705d,Basic,49,active,2026-08-09 09:38:00
fa5f9e72-5166-488b-b008-32dae24ba9d4,c2ffd690-a2a6-461a-ace2-7ec9550100bf,Basic,29,active,2026-08-28 18:30:00
3b803c61-bde7-4473-a3fd-d59c82d29bf8,61e3178b-72eb-4e4e-95c4-fab0e97f995d,Enterprise,399,active,2026-08-17 17:45:00
6db2094b-bce7-4298-bc84-78214f10b422,1fc22517-e593-462b-8249-f59a9dc906df,Basic,29,active,2026-08-25 11:39:00
09b4413c-a45c-494a-b452-98c460310461,26d3e222-33b7-4b63-8bee-f1607fac89fe,Enterprise,499,active,2026-08-08 19:38:00
8557ec6c-0a23-4722-82af-ba28c976ec61,a4c31af7-514a-46bf-8733-4b73225f52ab,Pro,99,active,2026-08-26 14:41:00
0dd7cac2-8a10-45c5-b4b0-738e3e040782,57bd0ca8-54ce-40ea-bb9d-92c0d8d0b8db,Pro,199,active,2026-08-22 11:51:00
a1396d49-713e-4035-aefc-d60c5256cd59,857f2f3e-61a9-4fb1-9f69-a5609baa0785,Basic,29,active,2026-08-01 09:55:00
2c7604c1-177d-4b26-a024-c4073447c34a,f032c262-243b-4101-bdf4-8930a265df65,Pro,99,active,2026-08-19 16:53:00
b8bf9cae-2a06-4fd2-8fbc-098477922d9e,b998e2d3-6d1e-4d7d-9402-96ee81e6935f,Pro,199,active,2026-08-07 11:27:00
b1f22be5-7d8d-492b-93ba-f4a323cd8a44,71e64bce-88ba-4f4a-a8be-8d1f4b1c0df3,Enterprise,499,active,2026-09-11 16:58:00
0b73ca1c-d1dc-41e5-a9a1-44751958a981,b01c337e-35b8-4aae-82b6-0c8e89c818d7,Basic,29,active,2026-09-08 08:12:00
baa6961c-20e4-4bfe-8703-67f75bebb1c7,977f199a-374e-4538-8d54-80389a262279,Basic,49,active,2026-09-20 14:04:00
4111e681-f1da-433d-9550-239074c0db3e,666a4a82-29cf-4c70-a756-41e0a65741db,Basic,29,active,2026-09-22 14:44:00
315007d2-a544-47ec-b261-ad5ca214245c,fecfdd72-44f7-40a8-bb90-9511a12b61ae,Pro,199,active,2026-09-23 13:36:00
6f023006-c9ac-476c-be11-230e50fcfdaa,274b369e-d252-4487-ab70-928729feba14,Basic,49,active,2026-09-13 08:38:00
a3e2ac17-5450-461f-90e2-b6766822d128,8c61e59f-af19-4390-9c28-5022880e6ddd,Basic,49,active,2026-09-03 13:58:00
fabf8aef-608d-4b54-9913-0b900286675d,460db751-39cb-441a-8c50-1beade6d4e25,Pro,99,active,2026-09-08 14:06:00
7d57a51f-ce8a-4306-9243-8d1b96bd5e9f,4e7a081e-e021-4caf-ba73-aa4e86c71c16,Pro,149,active,2026-09-04 16:22:00
f24e7fd6-5168-4612-abb6-1a4e0c475261,e585a0a5-195c-463b-9b82-f4304563cafe,Basic,49,active,2026-09-25 14:11:00
27ce46ce-b695-42bf-8379-05edafc8d769,026e6d11-4251-42f0-a0a8-926097a1a2f6,Basic,49,active,2026-09-22 10:09:00
3fc5c786-c70c-45e3-b51e-e0dd5ec2322f,f978d269-a3a2-4f35-b9b5-13c7eb1efddc,Pro,99,active,2026-09-22 17:26:00
f3dea9dc-469c-458b-896d-036a8092189b,77fa7bbc-cc68-453e-9a9f-d637fc7aa2dc,Pro,99,active,2026-09-14 16:45:00
500f86b1-c544-4049-a811-5a5c4e3fd50b,f28c635f-1641-4960-9ba0-bdeca2b8fdcc,Basic,29,active,2026-09-28 09:40:00
edf98b8d-8ddd-4a3e-892d-85a7be501500,15a75ed9-0eb2-458f-9347-f4862a44da88,Pro,199,active,2026-09-16 08:27:00
884bfa8c-e359-4ee9-ad41-1244ff79f0f4,af642572-83d7-4afc-bf70-29737acabb76,Basic,29,active,2026-09-23 09:25:00
fe85544c-3e85-4c67-9855-e4a0bfea3d2a,88c982ec-b3dd-4cfb-accb-6ae1b6d331ca,Pro,199,active,2026-09-24 18:58:00
e1c63384-ee20-40b5-acad-7c072b24ef63,f6f32192-72da-4c21-9b7c-d5390ad7d77c,Basic,29,active,2026-09-25 16:57:00
7ed99a6b-6c37-46c2-8d08-367ef3d5f737,5a71504b-8380-4397-a221-2e52d6e38103,Enterprise,499,active,2026-09-13 10:23:00
4c96edc2-4a41-4ed8-9e2c-6d4bdb992f51,c433b3bd-d9cc-4656-8a03-be43d4ec0595,Basic,49,active,2026-09-16 12:16:00
d362dea7-83f9-4580-a499-eb92f589de14,eee06433-edda-4677-8e08-ab81ec4d6c00,Pro,149,active,2026-09-02 15:57:00
1b6f1a9e-5a98-4715-8c60-b543541bf89c,75d9c07c-9d93-43ea-8182-144d5b120b1b,Pro,149,active,2026-09-01 13:56:00
83aa622f-8772-4f4a-95b1-c4a6329245ba,7df6bc1d-6e49-48ac-99f1-45cc0244e4d7,Enterprise,399,active,2026-09-05 14:07:00
4c9df049-5fd2-4ec3-a536-3c77787fb578,39e1609d-4008-44da-a819-213dc4fa84a4,Basic,49,active,2026-09-12 14:57:00
5a8e8f05-23ce-4f1e-a96d-f91f7079ae53,d6e0217c-a801-415e-b046-425dfd474d95,Basic,29,active,2026-09-24 14:00:00
54ca6897-be71-4d60-abca-4f866500f793,2238dfc6-0a4e-4ccf-88ef-30ff308777b4,Basic,49,active,2026-09-02 10:42:00
b6ddbd11-ae86-4837-8cc1-02507edd8483,8cd4e7bc-7d33-4ca2-abcc-e72a1e692c3f,Pro,149,active,2026-09-05 13:48:00
1c17729f-21a4-46a8-a38b-9370d35d1936,d7d2f88f-bdec-467a-ac6e-8294b9dac779,Basic,29,active,2026-09-04 08:08:00
bcc8509b-98da-4e8c-b9f7-e0046dfe8745,57968d64-d470-4dd2-ada5-beb90d527b89,Basic,49,active,2026-09-01 14:30:00
2fd6129a-82e0-4d39-bab0-08df2709f5b2,9e1be56d-3f6c-4de5-adcf-cb58c2ca55ed,Basic,49,active,2026-09-08 12:49:00
cf590b8e-c860-42c4-b4da-9f0479510a45,32cb28ba-6ddd-4c02-9213-7565aa94a1d4,Basic,29,active,2026-09-04 19:46:00
1ed68b71-3ab8-4c3f-a612-e9e5a26d18f6,a1001bc8-9758-425f-9ad8-e2dafe17ddb3,Basic,29,active,2026-09-05 14:02:00
615eca80-0d0b-4920-9d46-0c9117478b5c,331bd602-9dd0-4e04-8485-742a6d22313c,Pro,99,active,2026-09-14 16:19:00
0d394b57-a4d4-4f15-ad54-a50182866d40,0fb49d98-7aac-4a0a-ad13-4ea8560fc071,Basic,49,active,2026-09-10 09:17:00
0d586ee2-0023-4f70-8a77-b5cc2e874651,0c2ca7fa-e525-4eaf-91e1-17993f39562d,Basic,49,active,2026-09-22 19:20:00
7dc4f12b-f2c5-42da-8094-4f952f51aca6,6e4ff4a4-19cb-44c8-9b45-03bce892464d,Basic,29,active,2026-09-12 13:19:00
5c83b98e-cf5e-4840-bdc5-51bb5c4e3b00,54ca4adc-215b-4ef5-9caa-5893c53d1af9,Pro,99,active,2026-09-24 17:33:00
a12ac11c-2167-4dca-9b3a-c54ce31f2212,1654c83f-6251-4f01-9596-77e935c4be08,Basic,29,active,2026-09-24 17:07:00
