user_id,country,signup_date
46685257-bdd6-40fb-8667-1ad11c80317f,Netherlands,2025-01-04 18:47:00
17fc695a-07a0-4a6e-8822-e8f36c031199,Spain,2025-01-01 16:12:00
96da1dac-72ff-4d2a-b86e-cbe06b65a6a4,France,2025-01-25 10:44:00
562b0f79-c374-49ee-b50b-ea63371ecd7b,United States,2025-01-12 13:38:00
ec1b8ca1-f91e-4d4c-9ff4-9b7889463e85,Netherlands,2025-01-27 18:39:00
0bbb2599-11ce-4dd2-b45e-d1f03139d32c,United States,2025-01-03 11:55:00
29a3b2e9-5d65-4441-9588-42dea2bc372f,Netherlands,2025-01-09 19:59:00
baa80dd4-88bd-4407-abcf-be01a28defe3, canada,2025-01-09 18:44:00
0e51f30d-c6a7-4e39-84b0-32ccd7c524a5,Germany,2025-01-11 14:17:00
e27a984d-6548-41d0-bfcd-9eb1a7cad415,Canada,2025-01-09 10:15:00
e5d7b875-6dad-46c7-95a7-6d79bf3c4c06,united kingdom ,2025-01-05 16:31:00
cac5b68c-28f4-4481-a0a0-4dc427209bdf,Spain,2025-01-13 14:38:00
ae270da7-02f0-4b90-b143-262fdc5c0eed,Canada,2025-01-18 12:49:00
00d4af59-7427-4ca3-a87d-06ca6f4cc69a,Canada,2025-01-09 16:48:00
9be578c7-81f6-41d4-a392-31a7d777a477,Netherlands,2025-01-06 16:49:00
1ca35cfb-04fc-4d82-bd15-438552fbe43b,united kingdom ,2025-01-27 12:15:00
11b7e948-d0e6-4660-bc69-dee1bb5e4bcf,Canada,2025-01-05 10:42:00
f6e07cc0-6c52-449f-9b49-bd26df57c59a, canada,2025-02-24 19:12:00
7394988f-847f-49b4-a64d-1bcb702753a1,Germany,2025-02-11 08:37:00
a18ff6b6-b535-406e-922c-9a5601d74256,United States,2025-02-02 13:04:00
b92da22b-21df-406f-8a0b-3c3336d8393a,Germany,2025-02-16 11:50:00
6e595ed3-a8b3-47fa-98d0-752b1825bc54,united kingdom ,2025-02-28 19:03:00
56dc8907-ba6c-44ab-a712-303a0f844fef,France,2025-02-07 11:34:00
dfde4fbf-3ff3-40bf-b66e-cb15474ebc19,united kingdom ,2025-02-28 16:06:00
3c835dc0-d944-4fa5-80e9-ab30ed2662e9,United Kingdom,2025-02-07 14:57:00
ed3049cf-43e4-48fc-a3f2-ae24fc3d3348,France,2025-02-14 19:46:00
f7fd5646-37bb-4eec-8bf5-0b52309d258c,Spain,2025-02-02 19:20:00
284d82e5-87f7-41fb-9a4b-d9caeb5cf467,Germany,2025-02-28 10:04:00
e3e9de99-f10c-418b-9eb0-e38a675dd5af,Canada,2025-02-02 17:05:00
506e5a9a-b758-488d-ab73-295b344a54b8,United Kingdom,2025-02-22 18:19:00
902059e4-ff9a-45c2-9f04-4aed75523327,united kingdom ,2025-02-07 16:16:00
48f4ef12-5e99-43d2-be89-6c64e117dac3,Spain,2025-02-23 12:39:00
1a84a51a-a9d3-47c7-ae87-905e4ca415ea,Canada,2025-02-04 09:47:00
57c700aa-b7b5-4ea7-b5eb-d32d9ad620ab,united kingdom ,2025-02-09 16:31:00
ccc56569-f9e8-4369-a999-b735dd56cc94,Germany,2025-03-01 10:47:00
b386f7a4-c991-403f-a8c1-3091444d610b, canada,2025-03-28 15:14:00
df0f06cb-cb9b-4326-920e-ac174e20fd1a,Canada,2025-03-07 14:21:00
6651529e-8268-490b-a438-25b559e4b671,France,2025-03-11 08:07:00
43f59a85-fbc9-487a-b668-a61794a1875d,Algeria,2025-03-12 19:50:00
41357e8c-30a9-40ad-939b-462de645f129,Germany,2025-03-17 16:43:00
f2e9702d-11e9-4daa-ae69-81a35d3d9e56,Spain,2025-03-11 18:54:00
5380b904-688c-4015-aab9-7e494f2d4796,France,2025-03-05 11:26:00
67f48ad5-4d0b-4d1a-91b0-e1d99d9262af, canada,2025-03-10 11:27:00
acf5e81e-7131-4269-b118-e36477097749,Spain,2025-03-26 19:10:00
55cee5db-9e87-404c-a208-6977a9f25336,France,2025-03-08 18:19:00
fbe33b24-3eae-4032-8bd4-a9900640be0f,Germany,2025-03-03 15:26:00
7e8f8095-624c-49b6-b244-45a7b7e58481,Algeria,2025-03-23 08:57:00
f53d4330-cdda-44ba-ad06-e8cf3805f907,France,2025-03-18 11:58:00
87f8424d-aae6-4fc1-b6f2-dbfecd29a36f,Algeria,2025-03-25 15:39:00
bc10fa52-bf5d-4fdf-89c8-d2ab6b44fa8d,United Kingdom,2025-04-08 15:14:00
addc3e13-ab3b-4d37-960c-95ee638c254c,Algeria,2025-04-27 15:58:00
06f028ff-a9ba-4a27-907b-fe36978648f8, canada,2025-04-28 15:11:00
56666f9f-53ac-4ab9-b467-2cd9362f5e5c,United Kingdom,2025-04-25 14:16:00
fff9f585-0d55-4b61-8a17-5dfebfc00dc8,Germany,2025-04-03 18:02:00
2702878b-9f0f-4a8d-8537-9ff6d6d7b3b8, canada,2025-04-04 17:13:00
f6b751f7-9b74-4245-9b1b-c8952af43ab7,Canada,2025-04-27 10:19:00
f54ad0a2-e874-46d7-ad66-a1bd93676a02,Germany,2025-04-07 09:37:00
4d3485c5-c5c1-4eb4-b27b-3d901a16342c, canada,2025-04-04 17:50:00
575aed2c-a5c5-450c-8186-a57611a72609,France,2025-04-16 09:27:00
859131d2-bbda-4242-ad17-4fc96f7c15ea,Netherlands,2025-04-26 16:49:00
3ed8c56c-da09-4fa0-9282-8d8044b591f7, canada,2025-04-15 11:48:00
533420e6-d9d8-4b8d-be8a-dee70758e201,Spain,2025-04-26 12:21:00
30e912f2-f2b4-4abf-8441-aefd0299436a,United States,2025-04-16 16:48:00
17d2582e-046a-4df5-8afd-a61372bb912d,Spain,2025-04-08 12:42:00
ff233d5f-6ced-415d-9800-7c0287ea7ff5,united kingdom ,2025-04-23 15:17:00
1e9b23bc-50c7-4006-b14d-3441b8a6171f,Canada,2025-04-23 10:12:00
c29cfc0c-fa02-4aec-96ef-2ad6b97e6703,Canada,2025-04-04 11:18:00
2067bdac-88bd-43d1-b540-b30e039f3a25,united kingdom ,2025-04-18 12:44:00
48ca7651-92f5-4f7b-8323-d342df6a8f93,united kingdom ,2025-04-06 08:16:00
7de31a51-6694-4343-90ba-58e3d2762bdc,united kingdom ,2025-04-02 10:09:00
0a3450fc-9918-4e46-9497-d6587010f719,Canada,2025-05-20 12:01:00
c19ad58c-c35b-4c8c-8a4c-9f7f9384ec2b,United States,2025-05-15 12:11:00
5913f9d3-7852-49f4-975b-a98df8140102,Canada,2025-05-04 10:21:00
d045dd1c-6684-49e3-b1f8-343ea99f1318,Spain,2025-05-03 13:16:00
a85c6e4a-004b-4fab-bcf5-6188d32e6dcd,United States,2025-05-02 11:33:00
445dcc38-341c-4494-8d36-6dfcc28ebd70,France,2025-05-15 19:31:00
8d605936-0380-4b70-8d03-c91e4f8d5238,United States,2025-05-27 09:29:00
82456fb4-4ab7-406e-b773-50caeec259dc,Algeria,2025-05-16 15:15:00
821c1336-9970-4f60-abff-8d1530cbd755, canada,2025-05-03 12:49:00
44656d6b-81fb-48b3-89a7-d91fef2ae713,France,2025-05-10 17:37:00
585a0afa-7bfd-4c12-89e0-6ab37250ee18,Germany,2025-05-13 15:59:00
db23aa8c-3bca-4f85-a20a-60ac9261549d,Algeria,2025-05-24 15:45:00
d21c82f8-cada-4f80-a9e7-82d4fd08b32c,united kingdom ,2025-05-02 10:32:00
1986b4b2-70b7-4868-9854-80f0dfcaf0b7,united kingdom ,2025-05-24 10:26:00
43d88870-f81d-4aa1-8812-0a8e78308930, canada,2025-05-21 09:54:00
c268283e-e32f-4e63-b7fd-dd71a075e927,Germany,2025-05-20 09:15:00
fa745761-6f18-4108-9723-199dbf2c14a0,United Kingdom,2025-05-28 09:28:00
0e5dd462-cbd0-4ef2-930a-37df0bc61066,France,2025-05-05 11:33:00
deef580f-9c07-4751-9437-45092cd1586a,United States,2025-05-16 17:09:00
746cdb77-1fa3-42e8-895c-cd9943b38eb4,united kingdom ,2025-06-09 17:24:00
066803ee-78b2-4549-bbdb-c09eacc216a0,United States,2025-06-11 17:14:00
a6348e78-4d5c-45c7-b379-cb1ee8cda0cc,Spain,2025-06-02 12:31:00
5efa9c5b-7421-4f46-a37e-4b0122bae10e,Algeria,2025-06-18 14:37:00
7d45d8ef-d56c-48ea-9959-7b5aa7a8f636,United States,2025-06-09 08:44:00
5cd8fe1a-dafe-48a9-bc71-e0bef3579560,Germany,2025-06-18 18:22:00
d918b3e5-f2f2-4eef-9f45-dbfdf7dc67e0,United Kingdom,2025-06-07 18:40:00
fd235def-3e5a-47e3-9560-db22c96b5edb, canada,2025-06-03 16:13:00
e68933a9-c9e4-4e8c-a5c6-1c45c63d04ee,united kingdom ,2025-06-05 10:34:00
21bddb41-0699-4731-9dcf-8766a93b12cd,United Kingdom,2025-06-08 17:20:00
86ad8a8c-6bc4-423e-bde1-3c1b20733f6d,Spain,2025-06-15 13:32:00
0b19f88e-9d77-445e-b206-c26938b77c07,United Kingdom,2025-06-22 16:19:00
66d06371-d8e8-4ebb-ba9e-8eefffa361be,Netherlands,2025-06-23 15:04:00
466772ce-204e-478c-90d0-8d1125f934bf,United States,2025-06-23 13:24:00
1963c26d-6e21-4b09-9afd-4015816bcb9f,Germany,2025-06-21 18:56:00
3a7e8e14-e359-4ee1-b399-1a476e191042, canada,2025-06-13 14:46:00
f41ea3ac-5fd2-4109-8140-752caa448259,united kingdom ,2025-06-03 09:53:00
6683e107-96c0-44d0-af88-7f283e49fd09,united kingdom ,2025-07-10 19:21:00
87d5b7be-1d30-4990-a21b-030782af085c,Germany,2025-07-12 13:46:00
328067a1-4187-422b-a57d-5e521a5165ca,United States,2025-07-25 18:04:00
9458054e-c287-4f06-9050-f7efc1235c91, canada,2025-07-19 18:40:00
780b3657-117b-455b-b094-4bdb26a524e3,Canada,2025-07-09 17:03:00
0e9058b6-09a0-40f6-b3b0-a0917634c169,United States,2025-07-21 09:39:00
cab4923b-f448-4385-8de7-ad6c949077c2,Spain,2025-07-26 17:41:00
73557b9d-0fd6-447e-b52d-4af2269ed4c9,United Kingdom,2025-07-11 19:05:00
fdb1429e-7010-4d13-b526-b22d3f6c21f7,Algeria,2025-07-06 13:23:00
990f0c5b-adcc-4daf-969f-3ab3c6435300,Canada,2025-07-11 09:21:00
a8149562-da00-4f16-b946-9bcf4082cbb9, canada,2025-07-05 13:05:00
b2cf952d-a7f3-43b3-b7ba-f55e4f6b58c8, canada,2025-07-23 09:19:00
b3ecb951-ab8c-4f97-a0b7-1785d02ce0c1,Spain,2025-07-22 16:05:00
4f11d8dc-5cd3-4369-84aa-c1b75ca0c428,France,2025-07-25 15:12:00
c9c23e69-d82c-4565-8bb9-07ec13c11754,Netherlands,2025-07-27 19:56:00
277d1be9-6070-46a1-98e5-2499218c6e1c,United Kingdom,2025-07-25 17:51:00
b836c448-ad26-4ec5-9d42-b9e9692e07b6,Canada,2025-07-10 19:50:00
78116802-c8cc-4cfe-8f01-f944f7315749,Algeria,2025-07-22 17:28:00
e95f176c-deba-4186-ba10-82170ad7c9a2,Algeria,2025-08-09 18:50:00
bff9507d-cd14-403e-8359-9af65d01f55f,France,2025-08-05 17:43:00
a52964ff-c74c-4890-bc6a-3174113634a5, canada,2025-08-19 08:38:00
13aec376-c359-410a-b1a6-014c5f3c44dc,United Kingdom,2025-08-13 13:41:00
848af440-7fc1-4858-afa0-d842bc55300b,United States,2025-08-09 12:45:00
da52d2ee-22bf-48f5-9f65-2a87333ee344, canada,2025-08-23 15:05:00
8acbbe09-8ccc-4cea-909f-d8eeb5a47200, canada,2025-08-06 19:45:00
fc31a597-1f11-4c0f-b967-e60a823dd107,United States,2025-08-26 15:01:00
2138afe0-8d38-4bd8-bba6-abf7cdbcc653,Algeria,2025-08-10 14:45:00
932cae01-d2c6-4ee4-a8d0-a2a8c4e7f7dd,France,2025-08-21 09:28:00
8d2238e6-c7bf-4fbc-943c-dd6de0c1ff1e,united kingdom ,2025-08-05 14:32:00
2a26f770-4ddb-4b36-a72c-058884a2576c,Canada,2025-08-08 13:33:00
8d03f17a-f4d3-45c1-a293-19fa3240d7a1,Netherlands,2025-08-20 16:05:00
2bd3cdcd-2779-4685-94a5-3fdef10d27c8,United Kingdom,2025-08-20 13:53:00
a4364fcd-f2d3-4761-8ba3-627914cb0564,United States,2025-08-07 17:26:00
4a27ebf2-8baa-4744-a08d-d21be3954cb1,United Kingdom,2025-08-08 18:25:00
7bf7e1d3-6a66-4fce-b089-fc6d2877f5d9, canada,2025-08-05 13:55:00
c2baf0e0-2179-43f0-a612-4ab4f9b21e6e,Germany,2025-08-11 11:29:00
4a4b5563-0cf4-47ef-98c8-a61624108e9a,Netherlands,2025-08-14 11:55:00
c35bec2c-3098-47b2-900e-15c0b89bdf7f,united kingdom ,2025-08-15 15:56:00
750d112e-8164-4eec-a4ab-851bf1fac6e7,Canada,2025-08-12 08:03:00
1b84edc3-d8e0-49de-8217-ea0e896490ab,Algeria,2025-08-24 13:48:00
4910fade-5238-4bf2-8988-e418f6c31218,France,2025-09-03 18:36:00
2d007d05-d66d-4627-a1da-ce6a6afa828c,United Kingdom,2025-09-27 14:50:00
9a4ffc0c-9165-42ed-8c63-6e95025f5543,France,2025-09-10 15:41:00
45d8a6ad-77d0-459e-8114-14f8d9df0d0e,France,2025-09-06 19:29:00
ca6fbff8-564c-4bd2-bc92-fd81039b058c,Algeria,2025-09-07 10:39:00
669d01ff-1634-425b-93f3-007383e96ef4,Canada,2025-09-05 15:20:00
c0f63229-725d-4259-bc4b-1eec6231ee73,Germany,2025-09-19 19:36:00
77242041-1e43-4bd2-aaf4-07f70fe76149,Canada,2025-09-17 19:49:00
3818cfd3-3889-436a-9d58-17e85e175b66,Spain,2025-09-15 19:38:00
37e9d2e2-d35a-407a-aa02-17d0cd4f8b2b,united kingdom ,2025-09-20 09:33:00
0fcf601f-1cb9-473a-906d-5c8cead08c89,Spain,2025-09-07 17:34:00
3495311e-ae27-4432-9dc1-e7eb711c7673,Spain,2025-09-17 15:51:00
0ec7d662-905c-4bdd-b4f0-beae6a5943ce,Germany,2025-09-10 19:01:00
6c776e95-0b98-4ccd-92b2-102d940c3503,Algeria,2025-09-02 09:59:00
c40d4874-22ab-4752-84db-5a622e13418d,Algeria,2025-09-14 13:57:00
a96b3c42-f6d2-4a7b-aec7-6a82148b4376,Spain,2025-09-28 13:07:00
390239d9-fa8d-4e42-ba54-e9202099d180,Spain,2025-09-10 15:43:00
3f5cf2f3-3acb-43a3-92c7-bffb6118433b,Netherlands,2025-09-07 19:48:00
e39836bb-e23d-4faa-afad-49e9c41c147e,Germany,2025-09-04 17:02:00
705fddf5-66fa-4ca0-8b53-1932bd9419aa,Germany,2025-09-28 08:08:00
937bf79b-bb44-4adc-aa98-fef8d0d75e37,Spain,2025-09-22 13:15:00
46707cd6-4ced-4164-a9df-14e9389641dd,United States,2025-09-24 10:40:00
f10bce9c-582b-41ee-b8e8-035b0c00988a,Canada,2025-09-17 13:44:00
89b5aab0-c121-49db-af12-b150605fb1eb,Spain,2025-09-10 19:09:00
8eaa5841-6aa0-426d-b7c0-d5f769a53b4f, canada,2025-09-09 11:21:00
d453f867-b97e-4224-891f-691217abb863,Germany,2025-09-22 17:38:00
601bfbcb-f0ee-4cce-8d93-e14a5b167158,Germany,2025-10-22 14:05:00
4499d0a6-1500-4170-92d1-5585b68e47fa,united kingdom ,2025-10-21 10:47:00
4eea9db8-f165-4779-8154-7950176de21f,Spain,2025-10-04 10:05:00
1a7167c7-6875-4545-832f-52c48e0370cf,United Kingdom,2025-10-03 17:38:00
c777a07f-6346-44ef-a9ef-74e34ab6821c,France,2025-10-08 17:33:00
44b64ec1-4d16-4049-84d7-df9a238b05b7, canada,2025-10-14 12:26:00
b88cddde-3f20-46c2-b1b8-8d65406f64d6,Algeria,2025-10-07 15:06:00
614077d3-9ec4-4a48-9773-f98d550c2fe9,Netherlands,2025-10-11 14:52:00
9a6c0db9-5217-4c88-8ce9-53a722d90db3,United States,2025-10-11 10:25:00
3e0f84ce-c82f-48fd-936c-d31cf7bf5244,Netherlands,2025-10-26 14:23:00
ae84b81c-2e0f-45b3-8bae-591eff4cc10f,united kingdom ,2025-10-24 15:45:00
cb881c32-cbb0-4a8b-9908-a121d1a7ba20,Algeria,2025-10-21 12:15:00
72f60958-12ef-4101-a082-786fca00ef58,Spain,2025-10-13 16:32:00
5c0a1feb-f7ea-466e-8a6c-af9b09697101, canada,2025-10-20 18:58:00
0b570720-9cd8-458b-a5a1-c8252a9528c3,united kingdom ,2025-10-21 14:48:00
38d5101f-423c-4d9d-993e-478302b34254,Algeria,2025-10-19 19:36:00
96add4df-adf7-4924-85b8-386b768b4f7e,united kingdom ,2025-10-01 15:06:00
2444d301-baeb-486b-b0d0-270fd4d13d55,united kingdom ,2025-10-26 11:33:00
73d39457-b25f-43df-b8d4-9848702ba49f,united kingdom ,2025-10-26 19:07:00
ee0f65a8-2a13-4c1f-8cd0-15c1ad5900dd,United States,2025-10-06 16:10:00
a137f8e4-67b1-4040-8c39-b9253b5ae288,United States,2025-10-14 14:01:00
0123a348-638a-4df6-adf7-2cd3979aa051,united kingdom ,2025-10-25 19:51:00
6210def6-3a9c-4308-9221-cddf7a4a902f,Algeria,2025-11-04 13:23:00
dfdf0e05-c0ce-431b-9038-e153c601818b,France,2025-11-05 09:33:00
368acd40-b8f1-4e3c-99e7-703a70aa5b0d,united kingdom ,2025-11-14 17:43:00
c0a0473a-23d7-46a1-99b8-14fce5871d89,Canada,2025-11-12 14:20:00
8dab66d3-3f87-4fc2-9591-52f2a505da9c,Canada,2025-11-10 19:01:00
82701238-9b5f-4f39-848b-34f034981735,United States,2025-11-21 08:50:00
7fe4a42e-3db7-48a6-9cdc-c4c262c965b2,Netherlands,2025-11-01 13:59:00
aed54a46-8bde-405b-9d8b-abd76bbdb66f,Canada,2025-11-25 09:01:00
0f7ae302-ec2e-4815-8a32-17d2373aedf8,Algeria,2025-11-10 18:45:00
a3fa4069-1519-4d38-a6fb-a71db3a9dcaa,France,2025-11-09 09:19:00
9620bee6-6406-4ace-93a5-e8508950ddd6,Germany,2025-11-22 18:04:00
ecb4678c-1612-4aa6-be96-39ba0ed2ec9d,France,2025-11-20 08:19:00
23204ff5-b538-496c-833e-02f71e93d127,Canada,2025-11-12 16:33:00
bff15840-207e-463f-9f32-d5d82abe1585,Spain,2025-11-04 08:21:00
f99cea5c-b65a-40f1-8350-ab061059ea28, canada,2025-11-15 16:23:00
1a57f9e4-c5f8-42f8-814f-499428457780,United Kingdom,2025-11-04 11:47:00
5d2d904f-78c5-4073-8bc5-72073e9aec86,Algeria,2025-11-28 08:35:00
6a8fcacb-3f8e-4d0d-9261-9dec3979d5f5,France,2025-11-27 09:36:00
fb3df063-8409-45ea-8de9-18b33922a7e4,united kingdom ,2025-11-15 12:49:00
5e717fca-020a-4497-b4ed-51458d9765c7,Netherlands,2025-11-10 19:39:00
c5c9fb91-ff6e-49ed-be4c-e29ff8cbab4c,United Kingdom,2025-11-18 11:09:00
a2cd1590-58af-493c-8aa2-b4c93ba5bd76,Canada,2025-11-11 08:48:00
fbad793f-87a1-4c02-b487-9e411a9c672a,Germany,2025-11-02 10:45:00
58c88c48-3ced-4d1f-93eb-22c9beced21a,United States,2025-12-03 19:42:00
3fe1e8f3-35ad-4e88-83e4-f66802ead2df,United States,2025-12-26 09:46:00
2a9527f6-f817-4ebf-ab6e-64c5bb8aa843,Netherlands,2025-12-13 13:34:00
39bfca38-afe9-4e90-821c-3fb3a6a5f0ff,united kingdom ,2025-12-28 08:18:00
e34f76b4-2b8c-43bf-9780-be1712fecc2b,United States,2025-12-18 09:21:00
f143e545-6e6b-44b9-87ef-2ba8b45a6ab3,Germany,2025-12-14 10:03:00
b8d77d2f-8dda-4ff2-b27b-7bb468c690b2,Algeria,2025-12-22 12:19:00
7daec949-d700-4461-8cb6-b0ba925f8199,Netherlands,2025-12-14 09:18:00
06969d48-18d4-4238-b31d-e35c7af6cd41,United States,2025-12-03 15:54:00
43d75413-a939-4bd1-a516-b0d47d3572cc,United States,2025-12-06 13:56:00
770e09db-7092-4401-8367-5d580b6c03c8,united kingdom ,2025-12-19 08:09:00
cee4e512-5802-4640-ab0b-4cc515f0ea19,Spain,2025-12-19 11:35:00
afe3af13-8917-48e8-b733-60946b2b78b9,Spain,2025-12-08 15:19:00
ccea5031-844e-450b-a684-390c923b7820,Germany,2025-12-05 09:48:00
0aeccec7-204d-49da-b156-7f2acef74829,Canada,2025-12-14 11:52:00
ea074d80-ba23-4c22-a92a-7b9751db1a37,Spain,2025-12-18 14:35:00
032a461a-df9b-4c1f-aacb-1f6d7549c9f9,Netherlands,2025-12-17 14:07:00
f6ff3521-c225-4530-952a-53459682d9ff,Algeria,2025-12-19 09:50:00
7c4f48e4-a7a0-4a3d-a20f-230b439e754c,United Kingdom,2025-12-06 12:25:00
54dccba5-e103-4e1c-a3bb-22ae6552ac53,Canada,2025-12-16 12:57:00
7ddac1b6-d7c4-4aed-87c4-cc514f9a5f98, canada,2025-12-28 11:08:00
9adfe981-6ab1-4e15-ba92-992e44f8b53c,United Kingdom,2025-12-07 14:47:00
10cc4604-28b2-4b1b-8a9f-1d5983e8b700,Germany,2025-12-05 16:56:00
d6441a9d-3362-4476-953a-e57fe00bd534,United States,2025-12-02 13:45:00
ec4e8cbb-a2aa-478c-a59e-0258814ff657,Netherlands,2025-12-12 15:38:00
d02c75f9-198d-43a4-8cd2-0e4376dae194,united kingdom ,2026-01-10 13:51:00
e3ea2d7f-c219-4845-99eb-404c1851d1cf,Netherlands,2026-01-22 18:10:00
17cba85d-bbaa-474f-a0e3-c5ce44afecb7,Algeria,2026-01-04 14:25:00
ccc62fed-7a6e-43d0-99c5-9cd9b09d721b,France,2026-01-06 09:08:00
973b6977-e946-4820-aa80-cac21a8cf13c,Netherlands,2026-01-15 10:39:00
e1446b45-af39-4a9d-9cd1-c4130760801f,United States,2026-01-05 15:58:00
a7ac590c-42f9-4f92-9036-ca810bc4d7ba,Netherlands,2026-01-22 16:49:00
ab7aeb66-f4ac-47e2-ba57-5cea39571344,United States,2026-01-23 19:39:00
a4331510-ad21-44cc-a9e8-f0d8588309de,Spain,2026-01-18 17:03:00
7eef09ab-da14-4a47-b823-51d9d94df188,United Kingdom,2026-01-16 13:15:00
a4b0718e-8ced-4707-b903-4b6581c61eeb,united kingdom ,2026-01-03 15:28:00
50e96888-7273-4e7b-bf9a-d277db496e6d,Spain,2026-01-21 08:06:00
1744ee3f-d36e-41bd-800b-1f5e8c91bd13,United States,2026-01-21 12:56:00
d34794cc-5d04-432d-9742-3882f34a7949,United States,2026-01-15 13:35:00
b7461b72-5d00-4f1b-a83c-1c2bb776e729,Spain,2026-01-22 11:00:00
1b37ef19-b3bc-412f-9fb7-474e85a0d089,Canada,2026-01-05 19:47:00
1ee93260-3002-4831-b227-e8d89c60c81b,United Kingdom,2026-01-15 11:45:00
ac117bab-d664-4fe8-a21c-0c06ed376567,France,2026-01-15 15:42:00
87c5f526-011c-4544-bfb3-3be5f6bf2f72,Netherlands,2026-01-14 17:30:00
20dda0ff-d0b3-4752-bb01-b2a52c745800,Netherlands,2026-01-20 13:32:00
3f8c93d4-c32a-4c4a-b148-b2a6ea7917e1,Netherlands,2026-01-10 15:51:00
8325bd9e-bf98-4734-a2ed-8686b33422cb,Germany,2026-01-28 13:45:00
b6e1e7ac-9fc9-4264-b5af-bb2d336d7786,Spain,2026-01-22 10:45:00
5287964d-a30a-4658-b1be-6df28ae0b8a0,Algeria,2026-01-18 15:37:00
d7654a18-e4d4-46eb-bf74-531cac9b389a,France,2026-01-14 08:33:00
332cce0a-0e7d-4698-ab95-c72f0d95aaf5,Canada,2026-01-10 18:16:00
4368ae93-bded-4b7a-95ba-304c4603c9ee,Spain,2026-02-13 18:24:00
e8410a39-f901-4b9c-a057-153a4067f790,United Kingdom,2026-02-27 13:31:00
709d338b-2393-4d45-a1cc-ff0d8078636d, canada,2026-02-21 12:13:00
1e4ae3a7-d123-47c1-b7a1-267e9a1e0036,United States,2026-02-11 19:07:00
a5b2c7ea-2947-4f54-973e-129c35f0b1be,Spain,2026-02-02 10:36:00
2598f383-9280-4da2-a40b-50e40a086989,United Kingdom,2026-02-06 16:25:00
a9681fc1-ba5c-465d-b834-4070e0e5f6e5,France,2026-02-07 15:38:00
99d090fd-6928-443e-9492-b51a38283a05,France,2026-02-25 10:39:00
ec1f41ce-57b9-4dfb-af82-e70cb9644e4f,Germany,2026-02-08 14:24:00
811db4af-e8ca-4483-9c0e-337585d0691c,Spain,2026-02-20 09:11:00
17db4c2f-1e15-4e2f-809c-2ebe80da2ed7,Spain,2026-02-20 16:52:00
0b1ec578-dff4-4c51-9ed1-0e7f6bb1f2bc,Netherlands,2026-02-26 15:50:00
c2f43c10-e869-407c-bdcb-fffccdfba4e9,united kingdom ,2026-02-14 10:16:00
8b31f4d8-e073-41d0-9929-afeb48842a14,Spain,2026-02-23 19:50:00
349651d6-a790-45b0-a001-f54d01d77831,Canada,2026-02-12 09:09:00
908e3a95-6c6e-4796-893e-2b89dadfc499,France,2026-02-22 14:48:00
7bd7b4bf-8e0e-4bb7-8f20-c5e75ec646eb,united kingdom ,2026-02-12 19:25:00
c879d932-7254-4ab7-bad2-4ac8bf70c042,Netherlands,2026-02-07 16:25:00
0d53551a-b4f0-4f6f-af3f-9d9ab2725aa7,united kingdom ,2026-02-01 09:52:00
5eef0d1e-38c5-4f5e-8359-ff43106793b6,Netherlands,2026-02-13 14:39:00
d1fa82a6-c60b-440c-b21a-6f380eb5e5a7,Canada,2026-02-01 11:54:00
9979cf26-c8b1-40e1-889a-9f4f31dae817,United Kingdom,2026-02-20 10:43:00
ff2f6883-163b-4481-a84e-4cd4f9c3ee05,United Kingdom,2026-02-22 14:25:00
eb4f3638-1190-4515-b420-9103bca726eb,Canada,2026-02-27 16:58:00
31cc6738-f68a-49b7-9b3a-a1d139ee80ab,Spain,2026-02-01 12:11:00
5708013e-4b54-4670-80cf-b1db1287e313,United States,2026-02-09 16:52:00
7bcf2b31-902b-4154-a088-5550f74f6900,United States,2026-02-25 15:43:00
61f6dfbe-114b-4c79-8200-79f51dc3c26e, canada,2026-02-22 19:14:00
b368d836-027d-4808-8920-7bc484399ed9,united kingdom ,2026-02-03 14:43:00
79ff89d9-2db1-4deb-ae6f-fbea8df71647,United States,2026-02-19 12:11:00
bc45144a-3c1f-4ff0-b31d-58bbbcb3636d,France,2026-02-08 11:53:00
f9287d26-37c0-487a-aaac-826edd18ab28,united kingdom ,2026-03-11 08:10:00
02493a09-3e3b-4a40-8a05-53a26553b15f,united kingdom ,2026-03-23 15:44:00
17661795-7ffa-4493-a85e-ed0a3fac4317,Spain,2026-03-25 18:03:00
7ce34563-2036-4a73-9b7e-0502ca9d8831,Germany,2026-03-26 18:48:00
5bb0dd76-60b5-4717-b072-afc805776108,Spain,2026-03-02 15:45:00
91135d7e-3095-4621-bd76-ab58b271115b,Spain,2026-03-24 15:17:00
27afbff9-87f8-4f62-91a1-e557290c4414,France,2026-03-18 13:29:00
db592a19-9ea6-4d4a-84ca-d30ae207db20,Algeria,2026-03-11 19:04:00
7f5f61aa-aee7-47a5-8629-6fbe309b48dd,united kingdom ,2026-03-10 13:26:00
0b34fc84-1111-4e29-a8ad-153985f0786a,united kingdom ,2026-03-28 08:12:00
d617b9c0-a449-464f-922d-dab608252b39,Germany,2026-03-20 19:37:00
03599c6d-1224-4bd2-b7c4-b3ee9b1fc6d1, canada,2026-03-16 09:29:00
e3f342a8-f030-4fd4-be54-898e8eda6433,United Kingdom,2026-03-23 08:52:00
4dccb05d-d59e-40fd-9204-f4d6bbfb1b71,Algeria,2026-03-17 09:06:00
a8290f3c-86b4-452c-b170-46b930807a5d,united kingdom ,2026-03-06 16:47:00
5ba37cb5-9399-4d15-a37c-e1c5c42b266b,Algeria,2026-03-14 09:10:00
287e4086-a854-427e-9667-3e4981338bdc, canada,2026-03-12 13:35:00
6e3b0507-a21c-4209-83a1-962d698f546d, canada,2026-03-08 17:34:00
f5b70dd9-728f-4897-b3d0-b6c7f62ecf88,United Kingdom,2026-03-10 17:01:00
36fea0b4-38cd-4122-bc01-45e14ce2afa2,united kingdom ,2026-03-27 19:52:00
27f6a2ac-5b0c-4170-b5da-cbbe09a9161a,united kingdom ,2026-03-19 11:14:00
eafa4d5b-91ae-4d4c-a659-2d83920b725b,Netherlands,2026-03-11 15:11:00
bb1502ea-0991-4f46-8ce6-928ba46acc9a,Algeria,2026-03-25 08:58:00
1edbbe71-de2a-4ddf-ae24-9b726aa12abd,United Kingdom,2026-03-21 17:59:00
51beba8e-0a8a-4b94-863d-fcd64e0648d0,United States,2026-03-17 19:14:00
8135f15a-9343-46ea-985a-9548c0ba22a4,United States,2026-03-26 14:09:00
c4bd338e-17d7-4fc0-892c-d030ee757637,Canada,2026-04-13 09:48:00
b1d29457-1f3c-4a1d-a271-97ca788773ed,United Kingdom,2026-04-14 16:13:00
fab6ad91-bacf-4cfc-9245-1cc41bfb3b3d,Canada,2026-04-16 19:44:00
510564f9-d909-49aa-9bdd-3d7a6d53628b,Spain,2026-04-20 13:59:00
7e14c595-7f6b-462c-a1c1-6b96baabd9f2,united kingdom ,2026-04-08 19:18:00
cbf6aa23-a01e-41f5-b702-beba0623ffbf, canada,2026-04-26 17:26:00
365bc763-a333-4ea8-8e58-de208f7763e0,Spain,2026-04-10 12:50:00
0191d19d-c45c-4fbb-92ec-ac278ccc617e,France,2026-04-13 19:36:00
56830783-d575-4337-949c-9eb931ab0158,United States,2026-04-16 08:41:00
e55b93ad-8976-4471-9d7f-57d1e45def26,Netherlands,2026-04-14 19:03:00
8e2017e1-50c4-4b4b-ad9e-5c1eb9974024,united kingdom ,2026-04-22 13:51:00
d73aae7b-47cc-4a66-a638-d8bef83893a2,France,2026-04-21 16:53:00
c847b130-dd56-430e-9de9-87a2985e7e89,United States,2026-04-11 19:02:00
73b0220d-5f20-49ea-bcd6-1f5ee0864418,Germany,2026-04-17 12:11:00
8188de48-719b-4dd6-97b4-e75be9d18ec2,Spain,2026-04-17 10:12:00
24aefbea-53cc-4b95-8689-58364f73ab1c,United States,2026-04-17 18:08:00
85b864d4-dd64-4387-b6b3-8fbc6338fb29, canada,2026-04-02 18:54:00
1a64f27d-0bcf-40fc-a3a1-af9777852ddb,Germany,2026-04-10 08:36:00
495c7ac8-314a-4bdd-b357-9b275225374a,Canada,2026-04-15 18:07:00
9f795228-f553-4567-83e7-dd211d4d46d6,Canada,2026-04-18 13:35:00
123cf911-2bd8-4d4d-beac-db2892f71993,United Kingdom,2026-04-18 15:03:00
160beed4-0dc5-442e-a233-960a1b1e06c3,United States,2026-04-20 17:40:00
5513b74f-4ffc-4c54-9b0a-31ea9dc6d783,Netherlands,2026-04-22 16:05:00
cd66d79d-d017-4108-97c9-5aaa21bd55eb,United States,2026-04-15 12:43:00
24caf1b8-394a-47fd-b28b-f8463b504fda, canada,2026-04-12 14:11:00
53238aff-e1e5-48a1-9c5c-d673c9ed66a6,Canada,2026-04-16 09:22:00
931e1d4d-9abc-4859-993e-dc83c497d0a8,Canada,2026-04-27 19:50:00
972d5d57-669b-4896-b602-72ba8862036f,Germany,2026-04-18 10:30:00
6e5fbf71-9749-42b0-b1ad-e82ad05cc78d,united kingdom ,2026-04-26 13:34:00
2621d32d-895c-467f-9fcf-338cdec56dc3,United States,2026-05-03 08:47:00
0bb9a8f6-9e4d-4214-ab03-4c4ee83cdff9,united kingdom ,2026-05-01 10:40:00
d5d9a385-2bb2-4cbc-9c79-4cdb74c88361,Germany,2026-05-04 09:31:00
6d1c31d6-33e0-4a38-8df0-aaba1027fbf7, canada,2026-05-24 18:25:00
36965c84-cb08-4605-b6f6-1488d62015f0,France,2026-05-11 09:07:00
2a3dd769-8dac-410d-9eb3-8ef5b24070ca,Netherlands,2026-05-02 10:06:00
04005940-2862-4b4e-8714-d549604a1fe2,Algeria,2026-05-01 10:59:00
c5c6ab7d-cad0-4982-8eb2-8a32b189727f,Germany,2026-05-05 18:17:00
b11184e7-9c4c-47b3-acaf-3d2ff026a418, canada,2026-05-16 17:05:00
3c52d68a-8ec6-4be5-812b-809e6b358d15,Spain,2026-05-04 17:23:00
a05ff5e6-c534-4e41-b6d6-dc3938227b0d,United States,2026-05-07 09:50:00
ec344cf0-ab8e-47a1-a8e6-01302d238ed1,United Kingdom,2026-05-10 11:27:00
ecc3b699-0d6d-4b42-bd8b-f6031abb574e,United States,2026-05-01 15:32:00
6b47ed61-5372-4bed-946b-448297bb9fbf,united kingdom ,2026-05-11 11:49:00
deb0de7d-699f-4b02-bcdd-0b483cb3c9fa,France,2026-05-03 15:37:00
747a4829-9c03-465c-ad8a-028c3756999b,Germany,2026-05-15 19:12:00
b134b58f-0837-49f8-a090-f35e55fcf991,Germany,2026-05-04 15:29:00
2823442c-9a87-4357-8b8f-b475e2ebb2d2,united kingdom ,2026-05-20 10:36:00
7d3d16ca-8592-438f-9b62-a1f76964eb16,Germany,2026-05-16 15:17:00
9457f388-6f2a-4c8a-93c9-aacb3f71e1ae,United Kingdom,2026-05-05 17:57:00
c4c36368-bbc5-4a50-b87c-b0d3fdc419b2,United States,2026-05-13 15:51:00
8ef90060-1545-4c64-bd92-29527ecb002e,united kingdom ,2026-05-14 11:08:00
4e09c596-ab45-4af0-bad3-0e2a0413ffc7,United States,2026-05-19 19:37:00
b400a5e1-dfcb-421b-a37c-db55c596fab7,united kingdom ,2026-05-12 18:29:00
5539562b-b0d5-48a9-a4b8-1e896287729e,united kingdom ,2026-05-25 12:44:00
bc5ad195-55f0-4600-a17f-348d9ed62705, canada,2026-05-22 13:56:00
5d96120d-0a76-4d91-9e7f-87a777215daa,France,2026-05-23 09:35:00
8a257159-3d17-4879-95bd-f39efb334e61,Germany,2026-05-25 17:55:00
44719067-e5de-408e-9a4b-4fdb5209eaab,Spain,2026-05-02 09:23:00
785ca87b-1f69-42b1-945e-087f86d4aba8,united kingdom ,2026-05-18 12:28:00
75373d14-e24c-424b-a453-c4c23037f0b7,united kingdom ,2026-05-06 12:04:00
26870a98-7f0f-4662-a5e0-50f6b273f93c,United States,2026-05-21 08:18:00
bcda835f-71a0-4ff8-ab8d-a34058c158e2, canada,2026-05-03 08:55:00
8add3976-42fc-4edf-813a-3aa57d810c21,united kingdom ,2026-06-18 08:48:00
da55f825-5086-4384-b33a-c54f62359144,France,2026-06-02 10:35:00
4ffd5b7a-226d-424f-ae41-1e237dd19b8f,United States,2026-06-04 17:43:00
81b61c87-2803-4eb5-9ab6-c73d8feff87b, canada,2026-06-19 14:39:00
0b8ce21f-9728-4c5e-8734-a4030fb97b5d,Algeria,2026-06-26 19:37:00
fdf02450-585b-4b17-ad9b-1eb118ebeed7,Netherlands,2026-06-22 11:15:00
10c49f9e-b020-421b-a90f-413715bebdd0,Algeria,2026-06-06 08:34:00
6bd1f826-e6c2-4bb7-83c7-4cbe916baf87, canada,2026-06-19 08:20:00
7d05121c-ceee-4d65-9904-8ca79291e493, canada,2026-06-11 15:32:00
5d037a06-4cad-46c5-9d65-5c032aa814da,Canada,2026-06-21 09:53:00
ff08c739-4c1d-4e43-8c2b-03e443e1346d,united kingdom ,2026-06-20 19:05:00
1138978b-45fb-4e8a-963b-04fa9784713d,Canada,2026-06-14 11:22:00
6ed338be-4cc6-467e-8ddb-3f9e81300e68,Spain,2026-06-14 14:16:00
a0ba6142-04c3-4fed-a182-701b2e3bdb69,United States,2026-06-19 15:13:00
88604b56-a34f-4452-afe9-e8c94497734d,Germany,2026-06-14 17:46:00
3d8925a9-25d2-47d0-b665-87075d411ac5,Germany,2026-06-10 14:26:00
d2deb47d-4455-460e-a995-8fd1d8914adf,France,2026-06-22 17:15:00
cc0b200d-3ede-438e-8717-9ef331216863,Germany,2026-06-18 14:27:00
0775d778-22ed-4e25-85d0-738228cbb7ca,United States,2026-06-22 16:11:00
dc0db266-0e29-4d9a-8518-bd4dc840789b,united kingdom ,2026-06-10 09:57:00
b9676dc6-d6fd-41a5-b173-12f4659ae9f2,United States,2026-06-19 19:32:00
998de3d8-3cf2-4ade-971a-8b65e272d7ca,Algeria,2026-06-11 17:47:00
2cd6e8df-1b58-49c9-a4ef-65a737cf65ca,Spain,2026-06-14 12:55:00
1ceb08fe-f2de-4798-b31a-25b55fecaa6e, canada,2026-06-22 11:17:00
d2450039-5e24-496e-b736-3ad979a8226b,Germany,2026-06-20 08:53:00
4f2c386f-627b-4edd-8d7f-937140c37cbc,United States,2026-06-26 18:07:00
f5f3943a-e8e7-4030-8203-83406372d635,Canada,2026-06-09 12:05:00
2904a6d6-e3e7-45ab-9c02-bc2935dbe396,united kingdom ,2026-06-26 18:26:00
7ddf8484-f0c4-4ecb-878a-7900d2bd16ec,France,2026-06-27 13:45:00
10fd7164-819f-4393-82ce-ef41b2cfba8b,United Kingdom,2026-06-27 16:47:00
a151ed02-2f09-4f4d-a43f-683aa43101e4,Netherlands,2026-06-01 14:12:00
3fe604f4-2867-4d3b-9c5f-3cba150d28eb, canada,2026-06-27 18:48:00
83f06e7d-dfaa-4505-b0ac-b9bada78f4c5,united kingdom ,2026-07-02 15:51:00
c83b6467-9c12-47d2-9c4e-7b65c81a5f0f,Germany,2026-07-18 08:32:00
ba751921-2833-48ea-9c94-563ae9365d1b, canada,2026-07-17 15:46:00
1f7bd82f-2345-4e72-91b4-856255a8d6a1, canada,2026-07-14 08:15:00
15d1e2f8-2bd7-4038-8149-2b7a4968fdf2,Spain,2026-07-14 13:40:00
235398a6-3a6a-42d9-8986-f8936bf5fc98,United Kingdom,2026-07-14 15:54:00
028bffb6-c528-4c36-a545-034c714cd65e,Algeria,2026-07-03 09:21:00
097ef98d-c25a-4eb3-a4ad-19050fbc6377,Algeria,2026-07-19 08:40:00
b366ffd1-ae4d-4a19-a2c2-aa2466e9a80e,Spain,2026-07-24 13:58:00
b3468999-2598-4c54-aba2-a67c9c433e67, canada,2026-07-18 17:50:00
a614f06a-c814-44cd-8fd4-2949e33ea976,France,2026-07-10 09:02:00
48af7f10-8a71-4a73-bdee-baa1853d8090,United Kingdom,2026-07-10 16:21:00
8a39068b-cbed-4473-a3eb-f7c10723e11e,United Kingdom,2026-07-25 12:46:00
a08262df-427f-4635-9f7b-8b00d7720330,United States,2026-07-25 18:07:00
ce2de105-3c70-4fca-bba2-a5f156c76990, canada,2026-07-23 18:42:00
c8e7f2f6-aabb-4cac-88d7-51654c987a1b,united kingdom ,2026-07-05 19:24:00
314b4d36-9516-4359-8436-2fc753edc74f,united kingdom ,2026-07-04 10:45:00
e3755867-6cc5-4071-8feb-ecad179d9ae3,Canada,2026-07-03 13:43:00
6c65659d-a2ef-4e21-bfb3-25689594eea8,Spain,2026-07-16 19:26:00
752caa97-b60d-46a3-bc19-8515208b326a,United States,2026-07-28 16:07:00
f1ae8af9-2826-4561-bf1a-61d70858f527, canada,2026-07-04 17:54:00
85d4bf0f-0a4f-4e3b-8a22-9ba5925f2cc6,France,2026-07-12 12:18:00
0c746518-6bf8-43df-96f1-9d54c8a6a005,United Kingdom,2026-07-10 11:11:00
114be8ca-5941-4ea3-8c2b-678e1f50e1aa,Algeria,2026-07-19 12:36:00
d56c478f-b854-4d6a-959f-2b6979a8832f,United States,2026-07-17 18:29:00
53415fe2-ba55-4e35-9dc8-d27b2623b91a, canada,2026-07-20 14:24:00
aba23511-f544-428c-8bba-d72a8a7e9cce,Netherlands,2026-07-21 09:55:00
b518174f-c587-4243-8bd1-0fdca14ed649,Netherlands,2026-07-21 16:05:00
79d05e2b-c024-4b51-b07c-3f638591a818,Germany,2026-07-22 16:11:00
d6c34b19-b4a3-4c95-9466-99843ecb1bd6,United States,2026-07-26 16:38:00
57076494-05f4-449b-af10-b6ccdcaa5994,united kingdom ,2026-07-28 16:20:00
a7728290-78d5-40ef-830b-4532a7c24c68,United States,2026-08-05 14:14:00
c935a278-9645-4ec1-840d-214b3bd54863,Germany,2026-08-27 15:21:00
b2ac4768-f122-4f43-8527-4f356dc56044,Canada,2026-08-28 16:01:00
7ff2e80a-027a-46dc-bce0-caeff17fa5c0,Spain,2026-08-11 11:26:00
05f30bc5-9642-4052-9379-f2794cb50625,Netherlands,2026-08-05 10:21:00
faec8f42-6411-48ec-9df0-177192e9b765, canada,2026-08-03 16:24:00
a395b867-7397-41a1-b641-940591cbbc49,United Kingdom,2026-08-04 18:35:00
e94ded1e-11ca-4a0b-b2f1-94d82fcb0dce,United Kingdom,2026-08-08 12:42:00
2bfcc524-02d3-4b7e-84be-7e1c5e5ffeaa,United States,2026-08-13 10:07:00
f48138b5-6395-49c4-919a-7396be3e9a90,France,2026-08-28 11:19:00
4f70b88b-f06c-49d9-9339-304b9a8cb3d7,United States,2026-08-22 15:17:00
9ad75b94-6634-43e9-9317-d8c91060573a,united kingdom ,2026-08-19 15:29:00
eb3cc270-e188-43d7-a573-dc3049b49625,Algeria,2026-08-23 12:25:00
9e23faf9-e664-44db-adf8-d4a83fc74cb8,United Kingdom,2026-08-22 10:44:00
286e3f0a-dedb-4ec4-a2b2-de4b3d5cab0e,United States,2026-08-10 18:58:00
8d85ddf1-c309-4f28-be0d-40b469498671,Algeria,2026-08-25 09:32:00
3516567d-40b5-4023-aa32-e55373708a7e,Algeria,2026-08-03 18:44:00
db13f2ec-663b-4427-bef7-110a57f9f3a7,United States,2026-08-09 09:45:00
1521e825-1177-4dd5-b61b-7e117c192e61,France,2026-08-15 10:30:00
19bb5bf0-9b63-4a38-849f-fb5fd6a7aa06,Canada,2026-08-24 14:10:00
2d8d7db8-5bab-46cc-b0ce-f646274b8b98,Spain,2026-08-22 16:13:00
a8f8687b-b766-4c85-a99c-37b3a4195fe4,Algeria,2026-08-10 15:03:00
3fec5325-edc7-4f12-b3a5-1ac6c461994d, canada,2026-08-03 08:26:00
ab404598-ae11-43c2-b130-dc8fd20e0734,Algeria,2026-08-04 18:10:00
53bf8b10-d0cc-41a5-9b91-2adc833334f6,united kingdom ,2026-08-20 11:59:00
5b48961f-1b1b-4cd7-b6ba-49183b7f1998,Germany,2026-08-21 13:00:00
4748ffb3-d0a9-4757-a870-2d9710e67176,united kingdom ,2026-08-03 11:26:00
fd93754a-ca90-401c-8943-314fb668705d,France,2026-08-09 09:38:00
c2ffd690-a2a6-461a-ace2-7ec9550100bf,Netherlands,2026-08-28 18:30:00
61e3178b-72eb-4e4e-95c4-fab0e97f995d,United Kingdom,2026-08-17 17:45:00
1fc22517-e593-462b-8249-f59a9dc906df, canada,2026-08-25 11:39:00
26d3e222-33b7-4b63-8bee-f1607fac89fe, canada,2026-08-08 19:38:00
a4c31af7-514a-46bf-8733-4b73225f52ab,Germany,2026-08-26 14:41:00
57bd0ca8-54ce-40ea-bb9d-92c0d8d0b8db,Germany,2026-08-22 11:51:00
857f2f3e-61a9-4fb1-9f69-a5609baa0785,United Kingdom,2026-08-01 09:55:00
f032c262-243b-4101-bdf4-8930a265df65,Germany,2026-08-19 16:53:00
b998e2d3-6d1e-4d7d-9402-96ee81e6935f,Canada,2026-08-07 11:27:00
71e64bce-88ba-4f4a-a8be-8d1f4b1c0df3,Netherlands,2026-09-11 16:58:00
b01c337e-35b8-4aae-82b6-0c8e89c818d7,France,2026-09-08 08:12:00
977f199a-374e-4538-8d54-80389a262279,Algeria,2026-09-20 14:04:00
666a4a82-29cf-4c70-a756-41e0a65741db,united kingdom ,2026-09-22 14:44:00
fecfdd72-44f7-40a8-bb90-9511a12b61ae,Netherlands,2026-09-23 13:36:00
274b369e-d252-4487-ab70-928729feba14,united kingdom ,2026-09-13 08:38:00
8c61e59f-af19-4390-9c28-5022880e6ddd,France,2026-09-03 13:58:00
460db751-39cb-441a-8c50-1beade6d4e25,France,2026-09-08 14:06:00
4e7a081e-e021-4caf-ba73-aa4e86c71c16,Spain,2026-09-04 16:22:00
e585a0a5-195c-463b-9b82-f4304563cafe,United States,2026-09-25 14:11:00
026e6d11-4251-42f0-a0a8-926097a1a2f6,United Kingdom,2026-09-22 10:09:00
f978d269-a3a2-4f35-b9b5-13c7eb1efddc,United States,2026-09-22 17:26:00
77fa7bbc-cc68-453e-9a9f-d637fc7aa2dc,Canada,2026-09-14 16:45:00
f28c635f-1641-4960-9ba0-bdeca2b8fdcc,united kingdom ,2026-09-28 09:40:00
15a75ed9-0eb2-458f-9347-f4862a44da88,France,2026-09-16 08:27:00
af642572-83d7-4afc-bf70-29737acabb76,United Kingdom,2026-09-23 09:25:00
88c982ec-b3dd-4cfb-accb-6ae1b6d331ca,Netherlands,2026-09-24 18:58:00
f6f32192-72da-4c21-9b7c-d5390ad7d77c, canada,2026-09-25 16:57:00
5a71504b-8380-4397-a221-2e52d6e38103,Germany,2026-09-13 10:23:00
c433b3bd-d9cc-4656-8a03-be43d4ec0595,Germany,2026-09-16 12:16:00
eee06433-edda-4677-8e08-ab81ec4d6c00,United Kingdom,2026-09-02 15:57:00
75d9c07c-9d93-43ea-8182-144d5b120b1b, canada,2026-09-01 13:56:00
7df6bc1d-6e49-48ac-99f1-45cc0244e4d7,France,2026-09-05 14:07:00
39e1609d-4008-44da-a819-213dc4fa84a4,united kingdom ,2026-09-12 14:57:00
d6e0217c-a801-415e-b046-425dfd474d95,united kingdom ,2026-09-24 14:00:00
2238dfc6-0a4e-4ccf-88ef-30ff308777b4,Canada,2026-09-02 10:42:00
8cd4e7bc-7d33-4ca2-abcc-e72a1e692c3f,Spain,2026-09-05 13:48:00
d7d2f88f-bdec-467a-ac6e-8294b9dac779,Germany,2026-09-04 08:08:00
57968d64-d470-4dd2-ada5-beb90d527b89,united kingdom ,2026-09-01 14:30:00
9e1be56d-3f6c-4de5-adcf-cb58c2ca55ed,Germany,2026-09-08 12:49:00
32cb28ba-6ddd-4c02-9213-7565aa94a1d4,Germany,2026-09-04 19:46:00
a1001bc8-9758-425f-9ad8-e2dafe17ddb3,France,2026-09-05 14:02:00
331bd602-9dd0-4e04-8485-742a6d22313c,Germany,2026-09-14 16:19:00
0fb49d98-7aac-4a0a-ad13-4ea8560fc071,Algeria,2026-09-10 09:17:00
0c2ca7fa-e525-4eaf-91e1-17993f39562d,Canada,2026-09-22 19:20:00
6e4ff4a4-19cb-44c8-9b45-03bce892464d,Spain,2026-09-12 13:19:00
54ca4adc-215b-4ef5-9caa-5893c53d1af9,Canada,2026-09-24 17:33:00
1654c83f-6251-4f01-9596-77e935c4be08,Germany,2026-09-24 17:07:00
